ID,Inning,Inning Half,Home Team,Home Score,Away Team,Away Score,Ball Count,Strike Count,Out Count,Outs this Action,Batter,Pitcher,Outcomes,Batted Ball,Air or Ground,Targeted Defender,Defensive Outcome,Error List,Defensive Actions,On First,On Second,On Third,Home,Is_Walk,Is_Strikeout,Is_InPlay,Is_Hit,Is_HBP,Is_Pickoff,Is_StealAttempt,Is_StealSuccess,Error_Count,Is_Liveball,Is_Single,Is_Double,Is_Triple,Is_Homerun,AB_Over,Catcher,First Base,Second Base,Third Base,Shortstop,Left Field,Center Field,Right Field
0,1,True,SF,0,SD,0,0,0,0,1,centerfield Dave Eckert,starter Neal Asiodu,"['barrel', 'dead center', 'Sinker']",,,,out,[],['Ball caught by centerfield A.J. Oswalt'],,,,[],False,False,False,False,False,False,False,False,0,False,False,False,False,False,True,catcher Jared Harris,firstbase John Redmond,secondbase Stephen Smith,thirdbase Steve Delong,shortstop Karlos Smith,leftfield Logan Stephens,centerfield A.J. Oswalt,rightfield Tony Everett
1,1,True,SF,0,SD,0,0,0,1,1,designatedhitter Glenn Jones,starter Neal Asiodu,"['burner', 'far right', 'Sinker']",,,,out,[],['Ball caught by firstbase John Redmond'],,,,[],False,False,False,False,False,False,False,False,0,False,False,False,False,False,True,catcher Jared Harris,firstbase John Redmond,secondbase Stephen Smith,thirdbase Steve Delong,shortstop Karlos Smith,leftfield Logan Stephens,centerfield A.J. Oswalt,rightfield Tony Everett
2,1,True,SF,0,SD,0,1,0,2,0,catcher John Benzschawel,starter Neal Asiodu,"['Ball', 'Looking', 'Curveball']",,,,,,,,,,[],False,False,False,False,False,False,False,False,0,False,False,False,False,False,False,catcher Jared Harris,firstbase John Redmond,secondbase Stephen Smith,thirdbase Steve Delong,shortstop Karlos Smith,leftfield Logan Stephens,centerfield A.J. Oswalt,rightfield Tony Everett
3,1,True,SF,0,SD,0,1,0,2,1,catcher John Benzschawel,starter Neal Asiodu,"['barrel', 'dead center', 'Change Up']",,,,out,[],['Ball caught by centerfield A.J. Oswalt'],,,,[],False,False,False,False,False,False,False,False,0,False,False,False,False,False,True,catcher Jared Harris,firstbase John Redmond,secondbase Stephen Smith,thirdbase Steve Delong,shortstop Karlos Smith,leftfield Logan Stephens,centerfield A.J. Oswalt,rightfield Tony Everett
4,1,True,SF,0,SD,0,0,1,3,0,secondbase Delos Echols,starter Neal Asiodu,"['Strike', 'Looking', 'Sinker']",,,,,,,,,,[],False,False,False,False,False,False,False,False,0,False,False,False,False,False,False,catcher Jared Harris,firstbase John Redmond,secondbase Stephen Smith,thirdbase Steve Delong,shortstop Karlos Smith,leftfield Logan Stephens,centerfield A.J. Oswalt,rightfield Tony Everett
5,1,True,SF,0,SD,0,0,1,3,1,secondbase Delos Echols,starter Neal Asiodu,"['barrel', 'center right', 'Change Up']",,,,out,[],['Ball caught by rightfield Tony Everett'],,,,[],False,False,False,False,False,False,False,False,0,False,False,False,False,False,True,catcher Jared Harris,firstbase John Redmond,secondbase Stephen Smith,thirdbase Steve Delong,shortstop Karlos Smith,leftfield Logan Stephens,centerfield A.J. Oswalt,rightfield Tony Everett
6,1,False,SF,0,SD,0,0,1,0,0,firstbase John Redmond,starter Darrion Smith,"['Strike', 'Looking', 'Cutter']",,,,,,,,,,[],False,False,False,False,False,False,False,False,0,False,False,False,False,False,False,catcher John Benzschawel,firstbase Jerry Johnson,secondbase Delos Echols,thirdbase Teyo Miraldi,shortstop Bob Small,leftfield Benny Powell,centerfield Dave Eckert,rightfield Oil Can Vardell
7,1,False,SF,0,SD,0,0,2,0,0,firstbase John Redmond,starter Darrion Smith,"['Strike', 'Looking', 'Cutter']",,,,,,,,,,[],False,False,False,False,False,False,False,False,0,False,False,False,False,False,False,catcher John Benzschawel,firstbase Jerry Johnson,secondbase Delos Echols,thirdbase Teyo Miraldi,shortstop Bob Small,leftfield Benny Powell,centerfield Dave Eckert,rightfield Oil Can Vardell
8,1,False,SF,0,SD,0,0,2,0,0,firstbase John Redmond,starter Darrion Smith,"['Strike', 'Foul', 'Four-Seam Fastball']",,,,,,,,,,[],False,False,False,False,False,False,False,False,0,False,False,False,False,False,False,catcher John Benzschawel,firstbase Jerry Johnson,secondbase Delos Echols,thirdbase Teyo Miraldi,shortstop Bob Small,leftfield Benny Powell,centerfield Dave Eckert,rightfield Oil Can Vardell
9,1,False,SF,0,SD,0,0,2,0,0,firstbase John Redmond,starter Darrion Smith,"['Strike', 'Foul', 'Four-Seam Fastball']",,,,,,,,,,[],False,False,False,False,False,False,False,False,0,False,False,False,False,False,False,catcher John Benzschawel,firstbase Jerry Johnson,secondbase Delos Echols,thirdbase Teyo Miraldi,shortstop Bob Small,leftfield Benny Powell,centerfield Dave Eckert,rightfield Oil Can Vardell
10,1,False,SF,0,SD,0,0,2,0,1,firstbase John Redmond,starter Darrion Smith,"['solid', 'far left', 'Four-Seam Fastball']",,,,out,[],['Ball caught by thirdbase Teyo Miraldi'],,,,[],False,False,False,False,False,False,False,False,0,False,False,False,False,False,True,catcher John Benzschawel,firstbase Jerry Johnson,secondbase Delos Echols,thirdbase Teyo Miraldi,shortstop Bob Small,leftfield Benny Powell,centerfield Dave Eckert,rightfield Oil Can Vardell
11,1,False,SF,0,SD,0,1,0,1,0,centerfield A.J. Oswalt,starter Darrion Smith,"['Ball', 'Looking', 'Slurve']",,,,,,,,,,[],False,False,False,False,False,False,False,False,0,False,False,False,False,False,False,catcher John Benzschawel,firstbase Jerry Johnson,secondbase Delos Echols,thirdbase Teyo Miraldi,shortstop Bob Small,leftfield Benny Powell,centerfield Dave Eckert,rightfield Oil Can Vardell
12,1,False,SF,0,SD,0,1,1,1,0,centerfield A.J. Oswalt,starter Darrion Smith,"['Strike', 'Foul', 'Slurve']",,,,,,,,,,[],False,False,False,False,False,False,False,False,0,False,False,False,False,False,False,catcher John Benzschawel,firstbase Jerry Johnson,secondbase Delos Echols,thirdbase Teyo Miraldi,shortstop Bob Small,leftfield Benny Powell,centerfield Dave Eckert,rightfield Oil Can Vardell
13,1,False,SF,0,SD,0,1,2,1,0,centerfield A.J. Oswalt,starter Darrion Smith,"['Strike', 'Looking', 'Cutter']",,,,,,,,,,[],False,False,False,False,False,False,False,False,0,False,False,False,False,False,False,catcher John Benzschawel,firstbase Jerry Johnson,secondbase Delos Echols,thirdbase Teyo Miraldi,shortstop Bob Small,leftfield Benny Powell,centerfield Dave Eckert,rightfield Oil Can Vardell
14,1,False,SF,0,SD,0,2,2,1,0,centerfield A.J. Oswalt,starter Darrion Smith,"['Ball', 'Looking', 'Slurve']",,,,,,,,,,[],False,False,False,False,False,False,False,False,0,False,False,False,False,False,False,catcher John Benzschawel,firstbase Jerry Johnson,secondbase Delos Echols,thirdbase Teyo Miraldi,shortstop Bob Small,leftfield Benny Powell,centerfield Dave Eckert,rightfield Oil Can Vardell
15,1,False,SF,0,SD,0,2,2,1,0,centerfield A.J. Oswalt,starter Darrion Smith,"['Strike', 'Foul', 'Cutter']",,,,,,,,,,[],False,False,False,False,False,False,False,False,0,False,False,False,False,False,False,catcher John Benzschawel,firstbase Jerry Johnson,secondbase Delos Echols,thirdbase Teyo Miraldi,shortstop Bob Small,leftfield Benny Powell,centerfield Dave Eckert,rightfield Oil Can Vardell
16,1,False,SF,0,SD,0,2,3,1,1,centerfield A.J. Oswalt,starter Darrion Smith,"['Strike', 'Looking', 'Four-Seam Fastball']",,,,strikeout,[],['starter Darrion Smith strikes out centerfield A.J. Oswalt'],,,,[],False,True,False,False,False,False,False,False,0,False,False,False,False,False,True,catcher John Benzschawel,firstbase Jerry Johnson,secondbase Delos Echols,thirdbase Teyo Miraldi,shortstop Bob Small,leftfield Benny Powell,centerfield Dave Eckert,rightfield Oil Can Vardell
17,1,False,SF,0,SD,0,0,0,2,1,secondbase Stephen Smith,starter Darrion Smith,"['burner', 'center left', 'Cutter']",,,,out,[],['Ball caught by shortstop Bob Small'],,,,[],False,False,False,False,False,False,False,False,0,False,False,False,False,False,True,catcher John Benzschawel,firstbase Jerry Johnson,secondbase Delos Echols,thirdbase Teyo Miraldi,shortstop Bob Small,leftfield Benny Powell,centerfield Dave Eckert,rightfield Oil Can Vardell
18,1,False,SF,0,SD,0,0,1,3,0,thirdbase Steve Delong,starter Darrion Smith,"['Strike', 'Looking', 'Four-Seam Fastball']",,,,,,,,,,[],False,False,False,False,False,False,False,False,0,False,False,False,False,False,False,catcher John Benzschawel,firstbase Jerry Johnson,secondbase Delos Echols,thirdbase Teyo Miraldi,shortstop Bob Small,leftfield Benny Powell,centerfield Dave Eckert,rightfield Oil Can Vardell
19,1,False,SF,0,SD,0,1,1,3,0,thirdbase Steve Delong,starter Darrion Smith,"['Ball', 'Looking', 'Slurve']",,,,,,,,,,[],False,False,False,False,False,False,False,False,0,False,False,False,False,False,False,catcher John Benzschawel,firstbase Jerry Johnson,secondbase Delos Echols,thirdbase Teyo Miraldi,shortstop Bob Small,leftfield Benny Powell,centerfield Dave Eckert,rightfield Oil Can Vardell
20,1,False,SF,0,SD,0,1,2,3,0,thirdbase Steve Delong,starter Darrion Smith,"['Strike', 'Foul', 'Cutter']",,,,,,,,,,[],False,False,False,False,False,False,False,False,0,False,False,False,False,False,False,catcher John Benzschawel,firstbase Jerry Johnson,secondbase Delos Echols,thirdbase Teyo Miraldi,shortstop Bob Small,leftfield Benny Powell,centerfield Dave Eckert,rightfield Oil Can Vardell
21,1,False,SF,0,SD,0,1,2,3,1,thirdbase Steve Delong,starter Darrion Smith,"['burner', 'far right', 'Change Up']",,,,out,[],['Ball caught by firstbase Jerry Johnson'],,,,[],False,False,False,False,False,False,False,False,0,False,False,False,False,False,True,catcher John Benzschawel,firstbase Jerry Johnson,secondbase Delos Echols,thirdbase Teyo Miraldi,shortstop Bob Small,leftfield Benny Powell,centerfield Dave Eckert,rightfield Oil Can Vardell
22,2,True,SF,0,SD,0,0,0,0,1,leftfield Benny Powell,starter Neal Asiodu,"['barrel', 'dead center', 'Four-Seam Fastball']",,,,out,[],['Ball caught by centerfield A.J. Oswalt'],,,,[],False,False,False,False,False,False,False,False,0,False,False,False,False,False,True,catcher Jared Harris,firstbase John Redmond,secondbase Stephen Smith,thirdbase Steve Delong,shortstop Karlos Smith,leftfield Logan Stephens,centerfield A.J. Oswalt,rightfield Tony Everett
23,2,True,SF,0,SD,0,0,0,1,1,shortstop Bob Small,starter Neal Asiodu,"['burner', 'left', 'Sinker']",,,,out,[],['Ball caught by shortstop Karlos Smith'],,,,[],False,False,False,False,False,False,False,False,0,False,False,False,False,False,True,catcher Jared Harris,firstbase John Redmond,secondbase Stephen Smith,thirdbase Steve Delong,shortstop Karlos Smith,leftfield Logan Stephens,centerfield A.J. Oswalt,rightfield Tony Everett
24,2,True,SF,0,SD,0,1,0,2,0,thirdbase Teyo Miraldi,starter Neal Asiodu,"['Ball', 'Looking', 'Sinker']",,,,,,,,,,[],False,False,False,False,False,False,False,False,0,False,False,False,False,False,False,catcher Jared Harris,firstbase John Redmond,secondbase Stephen Smith,thirdbase Steve Delong,shortstop Karlos Smith,leftfield Logan Stephens,centerfield A.J. Oswalt,rightfield Tony Everett
25,2,True,SF,0,SD,0,1,1,2,0,thirdbase Teyo Miraldi,starter Neal Asiodu,"['Strike', 'Looking', 'Change Up']",,,,,,,,,,[],False,False,False,False,False,False,False,False,0,False,False,False,False,False,False,catcher Jared Harris,firstbase John Redmond,secondbase Stephen Smith,thirdbase Steve Delong,shortstop Karlos Smith,leftfield Logan Stephens,centerfield A.J. Oswalt,rightfield Tony Everett
26,2,True,SF,0,SD,0,2,1,2,0,thirdbase Teyo Miraldi,starter Neal Asiodu,"['Ball', 'Looking', 'Curveball']",,,,,,,,,,[],False,False,False,False,False,False,False,False,0,False,False,False,False,False,False,catcher Jared Harris,firstbase John Redmond,secondbase Stephen Smith,thirdbase Steve Delong,shortstop Karlos Smith,leftfield Logan Stephens,centerfield A.J. Oswalt,rightfield Tony Everett
27,2,True,SF,0,SD,0,2,1,2,1,thirdbase Teyo Miraldi,starter Neal Asiodu,"['solid', 'dead center', 'Sinker']",,,,out,[],['Ball caught by secondbase Stephen Smith'],,,,[],False,False,False,False,False,False,False,False,0,False,False,False,False,False,True,catcher Jared Harris,firstbase John Redmond,secondbase Stephen Smith,thirdbase Steve Delong,shortstop Karlos Smith,leftfield Logan Stephens,centerfield A.J. Oswalt,rightfield Tony Everett
28,2,True,SF,0,SD,0,1,0,3,0,rightfield Oil Can Vardell,starter Neal Asiodu,"['Ball', 'Looking', 'Change Up']",,,,,,,,,,[],False,False,False,False,False,False,False,False,0,False,False,False,False,False,False,catcher Jared Harris,firstbase John Redmond,secondbase Stephen Smith,thirdbase Steve Delong,shortstop Karlos Smith,leftfield Logan Stephens,centerfield A.J. Oswalt,rightfield Tony Everett
29,2,True,SF,0,SD,0,1,0,3,1,rightfield Oil Can Vardell,starter Neal Asiodu,"['solid', 'left', 'Change Up']",,,,out,[],['Ball caught by leftfield Logan Stephens'],,,,[],False,False,False,False,False,False,False,False,0,False,False,False,False,False,True,catcher Jared Harris,firstbase John Redmond,secondbase Stephen Smith,thirdbase Steve Delong,shortstop Karlos Smith,leftfield Logan Stephens,centerfield A.J. Oswalt,rightfield Tony Everett
30,2,False,SF,0,SD,0,0,1,0,0,designatedhitter John Williams,starter Darrion Smith,"['Strike', 'Foul', 'Cutter']",,,,,,,,,,[],False,False,False,False,False,False,False,False,0,False,False,False,False,False,False,catcher John Benzschawel,firstbase Jerry Johnson,secondbase Delos Echols,thirdbase Teyo Miraldi,shortstop Bob Small,leftfield Benny Powell,centerfield Dave Eckert,rightfield Oil Can Vardell
31,2,False,SF,0,SD,0,0,2,0,0,designatedhitter John Williams,starter Darrion Smith,"['Strike', 'Looking', 'Cutter']",,,,,,,,,,[],False,False,False,False,False,False,False,False,0,False,False,False,False,False,False,catcher John Benzschawel,firstbase Jerry Johnson,secondbase Delos Echols,thirdbase Teyo Miraldi,shortstop Bob Small,leftfield Benny Powell,centerfield Dave Eckert,rightfield Oil Can Vardell
32,2,False,SF,0,SD,0,0,2,0,0,designatedhitter John Williams,starter Darrion Smith,"['Strike', 'Foul', 'Change Up']",,,,,,,,,,[],False,False,False,False,False,False,False,False,0,False,False,False,False,False,False,catcher John Benzschawel,firstbase Jerry Johnson,secondbase Delos Echols,thirdbase Teyo Miraldi,shortstop Bob Small,leftfield Benny Powell,centerfield Dave Eckert,rightfield Oil Can Vardell
33,2,False,SF,0,SD,0,0,2,0,0,designatedhitter John Williams,starter Darrion Smith,"['Strike', 'Foul', 'Cutter']",,,,,,,,,,[],False,False,False,False,False,False,False,False,0,False,False,False,False,False,False,catcher John Benzschawel,firstbase Jerry Johnson,secondbase Delos Echols,thirdbase Teyo Miraldi,shortstop Bob Small,leftfield Benny Powell,centerfield Dave Eckert,rightfield Oil Can Vardell
34,2,False,SF,0,SD,0,0,2,0,0,designatedhitter John Williams,starter Darrion Smith,"['Strike', 'Foul', 'Slurve']",,,,,,,,,,[],False,False,False,False,False,False,False,False,0,False,False,False,False,False,False,catcher John Benzschawel,firstbase Jerry Johnson,secondbase Delos Echols,thirdbase Teyo Miraldi,shortstop Bob Small,leftfield Benny Powell,centerfield Dave Eckert,rightfield Oil Can Vardell
35,2,False,SF,0,SD,0,0,3,0,1,designatedhitter John Williams,starter Darrion Smith,"['Strike', 'Looking', 'Slurve']",,,,strikeout,[],['starter Darrion Smith strikes out designatedhitter John Williams'],,,,[],False,True,False,False,False,False,False,False,0,False,False,False,False,False,True,catcher John Benzschawel,firstbase Jerry Johnson,secondbase Delos Echols,thirdbase Teyo Miraldi,shortstop Bob Small,leftfield Benny Powell,centerfield Dave Eckert,rightfield Oil Can Vardell
36,2,False,SF,0,SD,0,0,0,1,0,catcher Jared Harris,starter Darrion Smith,"['burner', 'far right', 'Slurve']",,,,out,['firstbase Jerry Johnson catching error!'],"['error by firstbase Jerry Johnson', ""firstbase Jerry Johnson's throw caught by starter Darrion Smith firstbase Jerry Johnson throws it to starter Darrion Smith""]",,,,[],False,False,False,False,False,False,False,False,0,False,False,False,False,False,True,catcher John Benzschawel,firstbase Jerry Johnson,secondbase Delos Echols,thirdbase Teyo Miraldi,shortstop Bob Small,leftfield Benny Powell,centerfield Dave Eckert,rightfield Oil Can Vardell
37,2,False,SF,0,SD,0,0,1,1,0,rightfield Tony Everett,starter Darrion Smith,"['Strike', 'Foul', 'Cutter']",,,,,,,,,,[],False,False,False,False,False,False,False,False,0,False,False,False,False,False,False,catcher John Benzschawel,firstbase Jerry Johnson,secondbase Delos Echols,thirdbase Teyo Miraldi,shortstop Bob Small,leftfield Benny Powell,centerfield Dave Eckert,rightfield Oil Can Vardell
38,2,False,SF,0,SD,0,0,2,1,0,rightfield Tony Everett,starter Darrion Smith,"['Strike', 'Swinging', 'Slurve']",,,,,,,,,,[],False,False,False,False,False,False,False,False,0,False,False,False,False,False,False,catcher John Benzschawel,firstbase Jerry Johnson,secondbase Delos Echols,thirdbase Teyo Miraldi,shortstop Bob Small,leftfield Benny Powell,centerfield Dave Eckert,rightfield Oil Can Vardell
39,2,False,SF,0,SD,0,0,3,1,1,rightfield Tony Everett,starter Darrion Smith,"['Strike', 'Looking', 'Cutter']",,,,strikeout,[],['starter Darrion Smith strikes out rightfield Tony Everett'],,,,[],False,True,False,False,False,False,False,False,0,False,False,False,False,False,True,catcher John Benzschawel,firstbase Jerry Johnson,secondbase Delos Echols,thirdbase Teyo Miraldi,shortstop Bob Small,leftfield Benny Powell,centerfield Dave Eckert,rightfield Oil Can Vardell
40,2,False,SF,0,SD,0,0,1,2,0,leftfield Logan Stephens,starter Darrion Smith,"['Strike', 'Foul', 'Cutter']",,,,,,,,,,[],False,False,False,False,False,False,False,False,0,False,False,False,False,False,False,catcher John Benzschawel,firstbase Jerry Johnson,secondbase Delos Echols,thirdbase Teyo Miraldi,shortstop Bob Small,leftfield Benny Powell,centerfield Dave Eckert,rightfield Oil Can Vardell
41,2,False,SF,0,SD,0,1,1,2,0,leftfield Logan Stephens,starter Darrion Smith,"['Ball', 'Looking', 'Change Up']",,,,,,,,,,[],False,False,False,False,False,False,False,False,0,False,False,False,False,False,False,catcher John Benzschawel,firstbase Jerry Johnson,secondbase Delos Echols,thirdbase Teyo Miraldi,shortstop Bob Small,leftfield Benny Powell,centerfield Dave Eckert,rightfield Oil Can Vardell
42,2,False,SF,0,SD,0,1,2,2,0,leftfield Logan Stephens,starter Darrion Smith,"['Strike', 'Swinging', 'Slurve']",,,,,,,,,,[],False,False,False,False,False,False,False,False,0,False,False,False,False,False,False,catcher John Benzschawel,firstbase Jerry Johnson,secondbase Delos Echols,thirdbase Teyo Miraldi,shortstop Bob Small,leftfield Benny Powell,centerfield Dave Eckert,rightfield Oil Can Vardell
43,2,False,SF,0,SD,0,2,2,2,0,leftfield Logan Stephens,starter Darrion Smith,"['Ball', 'Looking', 'Slurve']",,,,,,,,,,[],False,False,False,False,False,False,False,False,0,False,False,False,False,False,False,catcher John Benzschawel,firstbase Jerry Johnson,secondbase Delos Echols,thirdbase Teyo Miraldi,shortstop Bob Small,leftfield Benny Powell,centerfield Dave Eckert,rightfield Oil Can Vardell
44,2,False,SF,0,SD,0,2,2,2,0,leftfield Logan Stephens,starter Darrion Smith,"['Strike', 'Foul', 'Cutter']",,,,,,,,,,[],False,False,False,False,False,False,False,False,0,False,False,False,False,False,False,catcher John Benzschawel,firstbase Jerry Johnson,secondbase Delos Echols,thirdbase Teyo Miraldi,shortstop Bob Small,leftfield Benny Powell,centerfield Dave Eckert,rightfield Oil Can Vardell
45,2,False,SF,0,SD,0,3,2,2,0,leftfield Logan Stephens,starter Darrion Smith,"['Ball', 'Looking', 'Cutter']",,,,,,,,,,[],False,False,False,False,False,False,False,False,0,False,False,False,False,False,False,catcher John Benzschawel,firstbase Jerry Johnson,secondbase Delos Echols,thirdbase Teyo Miraldi,shortstop Bob Small,leftfield Benny Powell,centerfield Dave Eckert,rightfield Oil Can Vardell
46,2,False,SF,1,SD,0,3,2,2,0,leftfield Logan Stephens,starter Darrion Smith,"['barrel', 'far left', 'Four-Seam Fastball']",,,,homerun,[],[],,,,[leftfield Logan Stephens],False,False,False,False,False,False,False,False,0,False,False,False,False,False,True,catcher John Benzschawel,firstbase Jerry Johnson,secondbase Delos Echols,thirdbase Teyo Miraldi,shortstop Bob Small,leftfield Benny Powell,centerfield Dave Eckert,rightfield Oil Can Vardell
47,2,False,SF,1,SD,0,1,0,2,0,shortstop Karlos Smith,starter Darrion Smith,"['Ball', 'Looking', 'Cutter']",,,,,,,,,,[],False,False,False,False,False,False,False,False,0,False,False,False,False,False,False,catcher John Benzschawel,firstbase Jerry Johnson,secondbase Delos Echols,thirdbase Teyo Miraldi,shortstop Bob Small,leftfield Benny Powell,centerfield Dave Eckert,rightfield Oil Can Vardell
48,2,False,SF,1,SD,0,1,1,2,0,shortstop Karlos Smith,starter Darrion Smith,"['Strike', 'Foul', 'Change Up']",,,,,,,,,,[],False,False,False,False,False,False,False,False,0,False,False,False,False,False,False,catcher John Benzschawel,firstbase Jerry Johnson,secondbase Delos Echols,thirdbase Teyo Miraldi,shortstop Bob Small,leftfield Benny Powell,centerfield Dave Eckert,rightfield Oil Can Vardell
49,2,False,SF,1,SD,0,1,2,2,0,shortstop Karlos Smith,starter Darrion Smith,"['Strike', 'Foul', 'Change Up']",,,,,,,,,,[],False,False,False,False,False,False,False,False,0,False,False,False,False,False,False,catcher John Benzschawel,firstbase Jerry Johnson,secondbase Delos Echols,thirdbase Teyo Miraldi,shortstop Bob Small,leftfield Benny Powell,centerfield Dave Eckert,rightfield Oil Can Vardell
50,2,False,SF,1,SD,0,1,3,2,1,shortstop Karlos Smith,starter Darrion Smith,"['Strike', 'Swinging', 'Cutter']",,,,strikeout,[],['starter Darrion Smith strikes out shortstop Karlos Smith'],,,,[],False,True,False,False,False,False,False,False,0,False,False,False,False,False,True,catcher John Benzschawel,firstbase Jerry Johnson,secondbase Delos Echols,thirdbase Teyo Miraldi,shortstop Bob Small,leftfield Benny Powell,centerfield Dave Eckert,rightfield Oil Can Vardell
51,2,False,SF,1,SD,0,0,0,3,1,firstbase John Redmond,starter Darrion Smith,"['topped', 'center left', 'Four-Seam Fastball']",,,,out,[],['Ball caught by catcher John Benzschawel'],,,,[],False,False,False,False,False,False,False,False,0,False,False,False,False,False,True,catcher John Benzschawel,firstbase Jerry Johnson,secondbase Delos Echols,thirdbase Teyo Miraldi,shortstop Bob Small,leftfield Benny Powell,centerfield Dave Eckert,rightfield Oil Can Vardell
52,3,True,SF,1,SD,0,0,0,0,1,firstbase Jerry Johnson,starter Neal Asiodu,"['solid', 'far left', 'Sinker']",,,,out,[],['Ball caught by leftfield Logan Stephens'],,,,[],False,False,False,False,False,False,False,False,0,False,False,False,False,False,True,catcher Jared Harris,firstbase John Redmond,secondbase Stephen Smith,thirdbase Steve Delong,shortstop Karlos Smith,leftfield Logan Stephens,centerfield A.J. Oswalt,rightfield Tony Everett
53,3,True,SF,1,SD,0,1,0,1,0,centerfield Dave Eckert,starter Neal Asiodu,"['Ball', 'Looking', 'Curveball']",,,,,,,,,,[],False,False,False,False,False,False,False,False,0,False,False,False,False,False,False,catcher Jared Harris,firstbase John Redmond,secondbase Stephen Smith,thirdbase Steve Delong,shortstop Karlos Smith,leftfield Logan Stephens,centerfield A.J. Oswalt,rightfield Tony Everett
54,3,True,SF,1,SD,0,1,0,1,1,centerfield Dave Eckert,starter Neal Asiodu,"['burner', 'center right', 'Curveball']",,,,out,[],['Ball caught by secondbase Stephen Smith'],,,,[],False,False,False,False,False,False,False,False,0,False,False,False,False,False,True,catcher Jared Harris,firstbase John Redmond,secondbase Stephen Smith,thirdbase Steve Delong,shortstop Karlos Smith,leftfield Logan Stephens,centerfield A.J. Oswalt,rightfield Tony Everett
55,3,True,SF,1,SD,0,0,0,2,1,designatedhitter Glenn Jones,starter Neal Asiodu,"['solid', 'center left', 'Sinker']",,,,out,[],['Ball caught by shortstop Karlos Smith'],,,,[],False,False,False,False,False,False,False,False,0,False,False,False,False,False,True,catcher Jared Harris,firstbase John Redmond,secondbase Stephen Smith,thirdbase Steve Delong,shortstop Karlos Smith,leftfield Logan Stephens,centerfield A.J. Oswalt,rightfield Tony Everett
56,3,True,SF,1,SD,0,0,1,3,0,catcher John Benzschawel,starter Neal Asiodu,"['Strike', 'Looking', 'Four-Seam Fastball']",,,,,,,,,,[],False,False,False,False,False,False,False,False,0,False,False,False,False,False,False,catcher Jared Harris,firstbase John Redmond,secondbase Stephen Smith,thirdbase Steve Delong,shortstop Karlos Smith,leftfield Logan Stephens,centerfield A.J. Oswalt,rightfield Tony Everett
57,3,True,SF,1,SD,0,0,2,3,0,catcher John Benzschawel,starter Neal Asiodu,"['Strike', 'Looking', 'Curveball']",,,,,,,,,,[],False,False,False,False,False,False,False,False,0,False,False,False,False,False,False,catcher Jared Harris,firstbase John Redmond,secondbase Stephen Smith,thirdbase Steve Delong,shortstop Karlos Smith,leftfield Logan Stephens,centerfield A.J. Oswalt,rightfield Tony Everett
58,3,True,SF,1,SD,0,0,3,3,1,catcher John Benzschawel,starter Neal Asiodu,"['Strike', 'Swinging', 'Change Up']",,,,strikeout,[],['starter Neal Asiodu strikes out catcher John Benzschawel'],,,,[],False,True,False,False,False,False,False,False,0,False,False,False,False,False,True,catcher Jared Harris,firstbase John Redmond,secondbase Stephen Smith,thirdbase Steve Delong,shortstop Karlos Smith,leftfield Logan Stephens,centerfield A.J. Oswalt,rightfield Tony Everett
59,3,False,SF,1,SD,0,1,0,0,0,centerfield A.J. Oswalt,starter Darrion Smith,"['Ball', 'Looking', 'Slurve']",,,,,,,,,,[],False,False,False,False,False,False,False,False,0,False,False,False,False,False,False,catcher John Benzschawel,firstbase Jerry Johnson,secondbase Delos Echols,thirdbase Teyo Miraldi,shortstop Bob Small,leftfield Benny Powell,centerfield Dave Eckert,rightfield Oil Can Vardell
60,3,False,SF,1,SD,0,2,0,0,0,centerfield A.J. Oswalt,starter Darrion Smith,"['Ball', 'Looking', 'Four-Seam Fastball']",,,,,,,,,,[],False,False,False,False,False,False,False,False,0,False,False,False,False,False,False,catcher John Benzschawel,firstbase Jerry Johnson,secondbase Delos Echols,thirdbase Teyo Miraldi,shortstop Bob Small,leftfield Benny Powell,centerfield Dave Eckert,rightfield Oil Can Vardell
61,3,False,SF,1,SD,0,3,0,0,0,centerfield A.J. Oswalt,starter Darrion Smith,"['Ball', 'Looking', 'Slurve']",,,,,,,,,,[],False,False,False,False,False,False,False,False,0,False,False,False,False,False,False,catcher John Benzschawel,firstbase Jerry Johnson,secondbase Delos Echols,thirdbase Teyo Miraldi,shortstop Bob Small,leftfield Benny Powell,centerfield Dave Eckert,rightfield Oil Can Vardell
62,3,False,SF,1,SD,0,3,1,0,0,centerfield A.J. Oswalt,starter Darrion Smith,"['Strike', 'Foul', 'Slurve']",,,,,,,,,,[],False,False,False,False,False,False,False,False,0,False,False,False,False,False,False,catcher John Benzschawel,firstbase Jerry Johnson,secondbase Delos Echols,thirdbase Teyo Miraldi,shortstop Bob Small,leftfield Benny Powell,centerfield Dave Eckert,rightfield Oil Can Vardell
63,3,False,SF,1,SD,0,3,2,0,0,centerfield A.J. Oswalt,starter Darrion Smith,"['Strike', 'Looking', 'Cutter']",,,,,,,,,,[],False,False,False,False,False,False,False,False,0,False,False,False,False,False,False,catcher John Benzschawel,firstbase Jerry Johnson,secondbase Delos Echols,thirdbase Teyo Miraldi,shortstop Bob Small,leftfield Benny Powell,centerfield Dave Eckert,rightfield Oil Can Vardell
64,3,False,SF,1,SD,0,4,2,0,0,centerfield A.J. Oswalt,starter Darrion Smith,"['Ball', 'Looking', 'Four-Seam Fastball']",,,,walk,[],['starter Darrion Smith walks centerfield A.J. Oswalt'],centerfield A.J. Oswalt,,,[],True,False,False,False,False,False,False,False,0,False,False,False,False,False,True,catcher John Benzschawel,firstbase Jerry Johnson,secondbase Delos Echols,thirdbase Teyo Miraldi,shortstop Bob Small,leftfield Benny Powell,centerfield Dave Eckert,rightfield Oil Can Vardell
65,3,False,SF,1,SD,0,0,1,0,0,secondbase Stephen Smith,starter Darrion Smith,"['Strike', 'Foul', 'Slurve']",,,,,,,centerfield A.J. Oswalt,,,[],False,False,False,False,False,False,False,False,0,False,False,False,False,False,False,catcher John Benzschawel,firstbase Jerry Johnson,secondbase Delos Echols,thirdbase Teyo Miraldi,shortstop Bob Small,leftfield Benny Powell,centerfield Dave Eckert,rightfield Oil Can Vardell
66,3,False,SF,1,SD,0,0,2,0,0,secondbase Stephen Smith,starter Darrion Smith,"['Strike', 'Swinging', 'Cutter']",,,,,,,centerfield A.J. Oswalt,,,[],False,False,False,False,False,False,False,False,0,False,False,False,False,False,False,catcher John Benzschawel,firstbase Jerry Johnson,secondbase Delos Echols,thirdbase Teyo Miraldi,shortstop Bob Small,leftfield Benny Powell,centerfield Dave Eckert,rightfield Oil Can Vardell
67,3,False,SF,1,SD,0,0,2,0,1,secondbase Stephen Smith,starter Darrion Smith,"['burner', 'left', 'Slurve']",,,,out,[],['Ball caught by shortstop Bob Small'],centerfield A.J. Oswalt,,,[],False,False,False,False,False,False,False,False,0,False,False,False,False,False,True,catcher John Benzschawel,firstbase Jerry Johnson,secondbase Delos Echols,thirdbase Teyo Miraldi,shortstop Bob Small,leftfield Benny Powell,centerfield Dave Eckert,rightfield Oil Can Vardell
68,3,False,SF,1,SD,0,0,0,1,1,thirdbase Steve Delong,starter Darrion Smith,"['topped', 'far left', 'Slurve']",,,,out,[],['Ball caught by catcher John Benzschawel'],centerfield A.J. Oswalt,,,[],False,False,False,False,False,False,False,False,0,False,False,False,False,False,True,catcher John Benzschawel,firstbase Jerry Johnson,secondbase Delos Echols,thirdbase Teyo Miraldi,shortstop Bob Small,leftfield Benny Powell,centerfield Dave Eckert,rightfield Oil Can Vardell
69,3,False,SF,1,SD,0,0,1,2,0,designatedhitter John Williams,starter Darrion Smith,"['Strike', 'Foul', 'Slurve']",,,,,,,centerfield A.J. Oswalt,,,[],False,False,False,False,False,False,False,False,0,False,False,False,False,False,False,catcher John Benzschawel,firstbase Jerry Johnson,secondbase Delos Echols,thirdbase Teyo Miraldi,shortstop Bob Small,leftfield Benny Powell,centerfield Dave Eckert,rightfield Oil Can Vardell
70,3,False,SF,1,SD,0,0,2,2,0,designatedhitter John Williams,starter Darrion Smith,"['Strike', 'Looking', 'Cutter']",,,,,,,centerfield A.J. Oswalt,,,[],False,False,False,False,False,False,False,False,0,False,False,False,False,False,False,catcher John Benzschawel,firstbase Jerry Johnson,secondbase Delos Echols,thirdbase Teyo Miraldi,shortstop Bob Small,leftfield Benny Powell,centerfield Dave Eckert,rightfield Oil Can Vardell
71,3,False,SF,1,SD,0,0,3,2,1,designatedhitter John Williams,starter Darrion Smith,"['Strike', 'Swinging', 'Change Up']",,,,strikeout,[],['starter Darrion Smith strikes out designatedhitter John Williams'],centerfield A.J. Oswalt,,,[],False,True,False,False,False,False,False,False,0,False,False,False,False,False,True,catcher John Benzschawel,firstbase Jerry Johnson,secondbase Delos Echols,thirdbase Teyo Miraldi,shortstop Bob Small,leftfield Benny Powell,centerfield Dave Eckert,rightfield Oil Can Vardell
72,3,False,SF,1,SD,0,0,1,3,0,catcher Jared Harris,starter Darrion Smith,"['Strike', 'Swinging', 'Cutter']",,,,,,,centerfield A.J. Oswalt,,,[],False,False,False,False,False,False,False,False,0,False,False,False,False,False,False,catcher John Benzschawel,firstbase Jerry Johnson,secondbase Delos Echols,thirdbase Teyo Miraldi,shortstop Bob Small,leftfield Benny Powell,centerfield Dave Eckert,rightfield Oil Can Vardell
73,3,False,SF,1,SD,0,0,1,3,1,catcher Jared Harris,starter Darrion Smith,"['burner', 'far left', 'Slurve']",,,,out,[],['Ball caught by thirdbase Teyo Miraldi'],centerfield A.J. Oswalt,,,[],False,False,False,False,False,False,False,False,0,False,False,False,False,False,True,catcher John Benzschawel,firstbase Jerry Johnson,secondbase Delos Echols,thirdbase Teyo Miraldi,shortstop Bob Small,leftfield Benny Powell,centerfield Dave Eckert,rightfield Oil Can Vardell
74,4,True,SF,1,SD,0,0,1,0,0,secondbase Delos Echols,starter Neal Asiodu,"['Strike', 'Foul', 'Four-Seam Fastball']",,,,,,,,,,[],False,False,False,False,False,False,False,False,0,False,False,False,False,False,False,catcher Jared Harris,firstbase John Redmond,secondbase Stephen Smith,thirdbase Steve Delong,shortstop Karlos Smith,leftfield Logan Stephens,centerfield A.J. Oswalt,rightfield Tony Everett
75,4,True,SF,1,SD,0,0,1,0,1,secondbase Delos Echols,starter Neal Asiodu,"['barrel', 'center left', 'Four-Seam Fastball']",,,,out,[],['Ball caught by centerfield A.J. Oswalt'],,,,[],False,False,False,False,False,False,False,False,0,False,False,False,False,False,True,catcher Jared Harris,firstbase John Redmond,secondbase Stephen Smith,thirdbase Steve Delong,shortstop Karlos Smith,leftfield Logan Stephens,centerfield A.J. Oswalt,rightfield Tony Everett
76,4,True,SF,1,SD,0,0,1,1,0,leftfield Benny Powell,starter Neal Asiodu,"['Strike', 'Looking', 'Sinker']",,,,,,,,,,[],False,False,False,False,False,False,False,False,0,False,False,False,False,False,False,catcher Jared Harris,firstbase John Redmond,secondbase Stephen Smith,thirdbase Steve Delong,shortstop Karlos Smith,leftfield Logan Stephens,centerfield A.J. Oswalt,rightfield Tony Everett
77,4,True,SF,1,SD,0,0,2,1,0,leftfield Benny Powell,starter Neal Asiodu,"['Strike', 'Foul', 'Curveball']",,,,,,,,,,[],False,False,False,False,False,False,False,False,0,False,False,False,False,False,False,catcher Jared Harris,firstbase John Redmond,secondbase Stephen Smith,thirdbase Steve Delong,shortstop Karlos Smith,leftfield Logan Stephens,centerfield A.J. Oswalt,rightfield Tony Everett
78,4,True,SF,1,SD,0,1,2,1,0,leftfield Benny Powell,starter Neal Asiodu,"['Ball', 'Looking', 'Four-Seam Fastball']",,,,,,,,,,[],False,False,False,False,False,False,False,False,0,False,False,False,False,False,False,catcher Jared Harris,firstbase John Redmond,secondbase Stephen Smith,thirdbase Steve Delong,shortstop Karlos Smith,leftfield Logan Stephens,centerfield A.J. Oswalt,rightfield Tony Everett
79,4,True,SF,1,SD,0,1,3,1,1,leftfield Benny Powell,starter Neal Asiodu,"['Strike', 'Looking', 'Sinker']",,,,strikeout,[],['starter Neal Asiodu strikes out leftfield Benny Powell'],,,,[],False,True,False,False,False,False,False,False,0,False,False,False,False,False,True,catcher Jared Harris,firstbase John Redmond,secondbase Stephen Smith,thirdbase Steve Delong,shortstop Karlos Smith,leftfield Logan Stephens,centerfield A.J. Oswalt,rightfield Tony Everett
80,4,True,SF,1,SD,0,0,1,2,0,shortstop Bob Small,starter Neal Asiodu,"['Strike', 'Looking', 'Sinker']",,,,,,,,,,[],False,False,False,False,False,False,False,False,0,False,False,False,False,False,False,catcher Jared Harris,firstbase John Redmond,secondbase Stephen Smith,thirdbase Steve Delong,shortstop Karlos Smith,leftfield Logan Stephens,centerfield A.J. Oswalt,rightfield Tony Everett
81,4,True,SF,1,SD,0,0,1,2,1,shortstop Bob Small,starter Neal Asiodu,"['burner', 'far left', 'Curveball']",,,,out,[],['Ball caught by thirdbase Steve Delong'],,,,[],False,False,False,False,False,False,False,False,0,False,False,False,False,False,True,catcher Jared Harris,firstbase John Redmond,secondbase Stephen Smith,thirdbase Steve Delong,shortstop Karlos Smith,leftfield Logan Stephens,centerfield A.J. Oswalt,rightfield Tony Everett
82,4,True,SF,1,SD,0,0,1,3,0,thirdbase Teyo Miraldi,starter Neal Asiodu,"['Strike', 'Looking', 'Curveball']",,,,,,,,,,[],False,False,False,False,False,False,False,False,0,False,False,False,False,False,False,catcher Jared Harris,firstbase John Redmond,secondbase Stephen Smith,thirdbase Steve Delong,shortstop Karlos Smith,leftfield Logan Stephens,centerfield A.J. Oswalt,rightfield Tony Everett
83,4,True,SF,1,SD,0,0,1,3,1,thirdbase Teyo Miraldi,starter Neal Asiodu,"['burner', 'center right', 'Four-Seam Fastball']",,,,out,[],['Ball caught by secondbase Stephen Smith'],,,,[],False,False,False,False,False,False,False,False,0,False,False,False,False,False,True,catcher Jared Harris,firstbase John Redmond,secondbase Stephen Smith,thirdbase Steve Delong,shortstop Karlos Smith,leftfield Logan Stephens,centerfield A.J. Oswalt,rightfield Tony Everett
84,4,False,SF,1,SD,0,0,1,0,0,rightfield Tony Everett,starter Darrion Smith,"['Strike', 'Looking', 'Cutter']",,,,,,,,,,[],False,False,False,False,False,False,False,False,0,False,False,False,False,False,False,catcher John Benzschawel,firstbase Jerry Johnson,secondbase Delos Echols,thirdbase Teyo Miraldi,shortstop Bob Small,leftfield Benny Powell,centerfield Dave Eckert,rightfield Oil Can Vardell
85,4,False,SF,1,SD,0,0,2,0,0,rightfield Tony Everett,starter Darrion Smith,"['Strike', 'Looking', 'Change Up']",,,,,,,,,,[],False,False,False,False,False,False,False,False,0,False,False,False,False,False,False,catcher John Benzschawel,firstbase Jerry Johnson,secondbase Delos Echols,thirdbase Teyo Miraldi,shortstop Bob Small,leftfield Benny Powell,centerfield Dave Eckert,rightfield Oil Can Vardell
86,4,False,SF,1,SD,0,1,2,0,0,rightfield Tony Everett,starter Darrion Smith,"['Ball', 'Looking', 'Slurve']",,,,,,,,,,[],False,False,False,False,False,False,False,False,0,False,False,False,False,False,False,catcher John Benzschawel,firstbase Jerry Johnson,secondbase Delos Echols,thirdbase Teyo Miraldi,shortstop Bob Small,leftfield Benny Powell,centerfield Dave Eckert,rightfield Oil Can Vardell
87,4,False,SF,1,SD,0,1,2,0,0,rightfield Tony Everett,starter Darrion Smith,"['Strike', 'Foul', 'Slurve']",,,,,,,,,,[],False,False,False,False,False,False,False,False,0,False,False,False,False,False,False,catcher John Benzschawel,firstbase Jerry Johnson,secondbase Delos Echols,thirdbase Teyo Miraldi,shortstop Bob Small,leftfield Benny Powell,centerfield Dave Eckert,rightfield Oil Can Vardell
88,4,False,SF,1,SD,0,1,2,0,0,rightfield Tony Everett,starter Darrion Smith,"['Strike', 'Foul', 'Change Up']",,,,,,,,,,[],False,False,False,False,False,False,False,False,0,False,False,False,False,False,False,catcher John Benzschawel,firstbase Jerry Johnson,secondbase Delos Echols,thirdbase Teyo Miraldi,shortstop Bob Small,leftfield Benny Powell,centerfield Dave Eckert,rightfield Oil Can Vardell
89,4,False,SF,1,SD,0,1,3,0,1,rightfield Tony Everett,starter Darrion Smith,"['Strike', 'Swinging', 'Cutter']",,,,strikeout,[],['starter Darrion Smith strikes out rightfield Tony Everett'],,,,[],False,True,False,False,False,False,False,False,0,False,False,False,False,False,True,catcher John Benzschawel,firstbase Jerry Johnson,secondbase Delos Echols,thirdbase Teyo Miraldi,shortstop Bob Small,leftfield Benny Powell,centerfield Dave Eckert,rightfield Oil Can Vardell
90,4,False,SF,1,SD,0,0,1,1,0,leftfield Logan Stephens,starter Darrion Smith,"['Strike', 'Looking', 'Change Up']",,,,,,,,,,[],False,False,False,False,False,False,False,False,0,False,False,False,False,False,False,catcher John Benzschawel,firstbase Jerry Johnson,secondbase Delos Echols,thirdbase Teyo Miraldi,shortstop Bob Small,leftfield Benny Powell,centerfield Dave Eckert,rightfield Oil Can Vardell
91,4,False,SF,1,SD,0,0,2,1,0,leftfield Logan Stephens,starter Darrion Smith,"['Strike', 'Looking', 'Slurve']",,,,,,,,,,[],False,False,False,False,False,False,False,False,0,False,False,False,False,False,False,catcher John Benzschawel,firstbase Jerry Johnson,secondbase Delos Echols,thirdbase Teyo Miraldi,shortstop Bob Small,leftfield Benny Powell,centerfield Dave Eckert,rightfield Oil Can Vardell
92,4,False,SF,1,SD,0,0,2,1,0,leftfield Logan Stephens,starter Darrion Smith,"['Strike', 'Foul', 'Slurve']",,,,,,,,,,[],False,False,False,False,False,False,False,False,0,False,False,False,False,False,False,catcher John Benzschawel,firstbase Jerry Johnson,secondbase Delos Echols,thirdbase Teyo Miraldi,shortstop Bob Small,leftfield Benny Powell,centerfield Dave Eckert,rightfield Oil Can Vardell
93,4,False,SF,1,SD,0,0,2,1,1,leftfield Logan Stephens,starter Darrion Smith,"['solid', 'left', 'Change Up']",,,,out,[],['Ball caught by leftfield Benny Powell'],,,,[],False,False,False,False,False,False,False,False,0,False,False,False,False,False,True,catcher John Benzschawel,firstbase Jerry Johnson,secondbase Delos Echols,thirdbase Teyo Miraldi,shortstop Bob Small,leftfield Benny Powell,centerfield Dave Eckert,rightfield Oil Can Vardell
94,4,False,SF,1,SD,0,1,0,2,0,shortstop Karlos Smith,starter Darrion Smith,"['Ball', 'Looking', 'Slurve']",,,,,,,,,,[],False,False,False,False,False,False,False,False,0,False,False,False,False,False,False,catcher John Benzschawel,firstbase Jerry Johnson,secondbase Delos Echols,thirdbase Teyo Miraldi,shortstop Bob Small,leftfield Benny Powell,centerfield Dave Eckert,rightfield Oil Can Vardell
95,4,False,SF,1,SD,0,1,1,2,0,shortstop Karlos Smith,starter Darrion Smith,"['Strike', 'Looking', 'Change Up']",,,,,,,,,,[],False,False,False,False,False,False,False,False,0,False,False,False,False,False,False,catcher John Benzschawel,firstbase Jerry Johnson,secondbase Delos Echols,thirdbase Teyo Miraldi,shortstop Bob Small,leftfield Benny Powell,centerfield Dave Eckert,rightfield Oil Can Vardell
96,4,False,SF,1,SD,0,1,1,2,1,shortstop Karlos Smith,starter Darrion Smith,"['flare', 'right', 'Slurve']",,,,out,[],['Ball caught by secondbase Delos Echols'],,,,[],False,False,False,False,False,False,False,False,0,False,False,False,False,False,True,catcher John Benzschawel,firstbase Jerry Johnson,secondbase Delos Echols,thirdbase Teyo Miraldi,shortstop Bob Small,leftfield Benny Powell,centerfield Dave Eckert,rightfield Oil Can Vardell
97,4,False,SF,1,SD,0,1,0,3,0,firstbase John Redmond,starter Darrion Smith,"['Ball', 'Looking', 'Change Up']",,,,,,,,,,[],False,False,False,False,False,False,False,False,0,False,False,False,False,False,False,catcher John Benzschawel,firstbase Jerry Johnson,secondbase Delos Echols,thirdbase Teyo Miraldi,shortstop Bob Small,leftfield Benny Powell,centerfield Dave Eckert,rightfield Oil Can Vardell
98,4,False,SF,1,SD,0,2,0,3,0,firstbase John Redmond,starter Darrion Smith,"['Ball', 'Looking', 'Cutter']",,,,,,,,,,[],False,False,False,False,False,False,False,False,0,False,False,False,False,False,False,catcher John Benzschawel,firstbase Jerry Johnson,secondbase Delos Echols,thirdbase Teyo Miraldi,shortstop Bob Small,leftfield Benny Powell,centerfield Dave Eckert,rightfield Oil Can Vardell
99,4,False,SF,1,SD,0,3,0,3,0,firstbase John Redmond,starter Darrion Smith,"['Ball', 'Looking', 'Cutter']",,,,,,,,,,[],False,False,False,False,False,False,False,False,0,False,False,False,False,False,False,catcher John Benzschawel,firstbase Jerry Johnson,secondbase Delos Echols,thirdbase Teyo Miraldi,shortstop Bob Small,leftfield Benny Powell,centerfield Dave Eckert,rightfield Oil Can Vardell
100,4,False,SF,1,SD,0,3,1,3,0,firstbase John Redmond,starter Darrion Smith,"['Strike', 'Looking', 'Change Up']",,,,,,,,,,[],False,False,False,False,False,False,False,False,0,False,False,False,False,False,False,catcher John Benzschawel,firstbase Jerry Johnson,secondbase Delos Echols,thirdbase Teyo Miraldi,shortstop Bob Small,leftfield Benny Powell,centerfield Dave Eckert,rightfield Oil Can Vardell
101,4,False,SF,1,SD,0,3,2,3,0,firstbase John Redmond,starter Darrion Smith,"['Strike', 'Foul', 'Four-Seam Fastball']",,,,,,,,,,[],False,False,False,False,False,False,False,False,0,False,False,False,False,False,False,catcher John Benzschawel,firstbase Jerry Johnson,secondbase Delos Echols,thirdbase Teyo Miraldi,shortstop Bob Small,leftfield Benny Powell,centerfield Dave Eckert,rightfield Oil Can Vardell
102,4,False,SF,1,SD,0,3,3,3,1,firstbase John Redmond,starter Darrion Smith,"['Strike', 'Swinging', 'Cutter']",,,,strikeout,[],['starter Darrion Smith strikes out firstbase John Redmond'],,,,[],False,True,False,False,False,False,False,False,0,False,False,False,False,False,True,catcher John Benzschawel,firstbase Jerry Johnson,secondbase Delos Echols,thirdbase Teyo Miraldi,shortstop Bob Small,leftfield Benny Powell,centerfield Dave Eckert,rightfield Oil Can Vardell
103,5,True,SF,1,SD,0,0,1,0,0,rightfield Oil Can Vardell,starter Neal Asiodu,"['Strike', 'Swinging', 'Sinker']",,,,,,,,,,[],False,False,False,False,False,False,False,False,0,False,False,False,False,False,False,catcher Jared Harris,firstbase John Redmond,secondbase Stephen Smith,thirdbase Steve Delong,shortstop Karlos Smith,leftfield Logan Stephens,centerfield A.J. Oswalt,rightfield Tony Everett
104,5,True,SF,1,SD,0,0,2,0,0,rightfield Oil Can Vardell,starter Neal Asiodu,"['Strike', 'Looking', 'Sinker']",,,,,,,,,,[],False,False,False,False,False,False,False,False,0,False,False,False,False,False,False,catcher Jared Harris,firstbase John Redmond,secondbase Stephen Smith,thirdbase Steve Delong,shortstop Karlos Smith,leftfield Logan Stephens,centerfield A.J. Oswalt,rightfield Tony Everett
105,5,True,SF,1,SD,0,0,3,0,1,rightfield Oil Can Vardell,starter Neal Asiodu,"['Strike', 'Swinging', 'Change Up']",,,,strikeout,[],['starter Neal Asiodu strikes out rightfield Oil Can Vardell'],,,,[],False,True,False,False,False,False,False,False,0,False,False,False,False,False,True,catcher Jared Harris,firstbase John Redmond,secondbase Stephen Smith,thirdbase Steve Delong,shortstop Karlos Smith,leftfield Logan Stephens,centerfield A.J. Oswalt,rightfield Tony Everett
106,5,True,SF,1,SD,0,0,1,1,0,firstbase Jerry Johnson,starter Neal Asiodu,"['Strike', 'Looking', 'Sinker']",,,,,,,,,,[],False,False,False,False,False,False,False,False,0,False,False,False,False,False,False,catcher Jared Harris,firstbase John Redmond,secondbase Stephen Smith,thirdbase Steve Delong,shortstop Karlos Smith,leftfield Logan Stephens,centerfield A.J. Oswalt,rightfield Tony Everett
107,5,True,SF,1,SD,0,1,1,1,0,firstbase Jerry Johnson,starter Neal Asiodu,"['Ball', 'Looking', 'Curveball']",,,,,,,,,,[],False,False,False,False,False,False,False,False,0,False,False,False,False,False,False,catcher Jared Harris,firstbase John Redmond,secondbase Stephen Smith,thirdbase Steve Delong,shortstop Karlos Smith,leftfield Logan Stephens,centerfield A.J. Oswalt,rightfield Tony Everett
108,5,True,SF,1,SD,0,1,2,1,0,firstbase Jerry Johnson,starter Neal Asiodu,"['Strike', 'Looking', 'Sinker']",,,,,,,,,,[],False,False,False,False,False,False,False,False,0,False,False,False,False,False,False,catcher Jared Harris,firstbase John Redmond,secondbase Stephen Smith,thirdbase Steve Delong,shortstop Karlos Smith,leftfield Logan Stephens,centerfield A.J. Oswalt,rightfield Tony Everett
109,5,True,SF,1,SD,0,1,3,1,1,firstbase Jerry Johnson,starter Neal Asiodu,"['Strike', 'Looking', 'Change Up']",,,,strikeout,[],['starter Neal Asiodu strikes out firstbase Jerry Johnson'],,,,[],False,True,False,False,False,False,False,False,0,False,False,False,False,False,True,catcher Jared Harris,firstbase John Redmond,secondbase Stephen Smith,thirdbase Steve Delong,shortstop Karlos Smith,leftfield Logan Stephens,centerfield A.J. Oswalt,rightfield Tony Everett
110,5,True,SF,1,SD,0,0,0,2,1,centerfield Dave Eckert,starter Neal Asiodu,"['barrel', 'center right', 'Sinker']",,,,out,[],['Ball caught by centerfield A.J. Oswalt'],,,,[],False,False,False,False,False,False,False,False,0,False,False,False,False,False,True,catcher Jared Harris,firstbase John Redmond,secondbase Stephen Smith,thirdbase Steve Delong,shortstop Karlos Smith,leftfield Logan Stephens,centerfield A.J. Oswalt,rightfield Tony Everett
111,5,True,SF,1,SD,0,0,1,3,0,designatedhitter Glenn Jones,starter Neal Asiodu,"['Strike', 'Looking', 'Change Up']",,,,,,,,,,[],False,False,False,False,False,False,False,False,0,False,False,False,False,False,False,catcher Jared Harris,firstbase John Redmond,secondbase Stephen Smith,thirdbase Steve Delong,shortstop Karlos Smith,leftfield Logan Stephens,centerfield A.J. Oswalt,rightfield Tony Everett
112,5,True,SF,1,SD,0,0,1,3,1,designatedhitter Glenn Jones,starter Neal Asiodu,"['flare', 'center right', 'Change Up']",,,,out,[],['Ball caught by centerfield A.J. Oswalt'],,,,[],False,False,False,False,False,False,False,False,0,False,False,False,False,False,True,catcher Jared Harris,firstbase John Redmond,secondbase Stephen Smith,thirdbase Steve Delong,shortstop Karlos Smith,leftfield Logan Stephens,centerfield A.J. Oswalt,rightfield Tony Everett
113,5,False,SF,1,SD,0,0,0,0,1,centerfield A.J. Oswalt,starter Darrion Smith,"['burner', 'center right', 'Change Up']",,,,out,[],['Ball caught by secondbase Delos Echols'],,,,[],False,False,False,False,False,False,False,False,0,False,False,False,False,False,True,catcher John Benzschawel,firstbase Jerry Johnson,secondbase Delos Echols,thirdbase Teyo Miraldi,shortstop Bob Small,leftfield Benny Powell,centerfield Dave Eckert,rightfield Oil Can Vardell
114,5,False,SF,1,SD,0,0,1,1,0,secondbase Stephen Smith,starter Darrion Smith,"['Strike', 'Foul', 'Cutter']",,,,,,,,,,[],False,False,False,False,False,False,False,False,0,False,False,False,False,False,False,catcher John Benzschawel,firstbase Jerry Johnson,secondbase Delos Echols,thirdbase Teyo Miraldi,shortstop Bob Small,leftfield Benny Powell,centerfield Dave Eckert,rightfield Oil Can Vardell
115,5,False,SF,1,SD,0,0,2,1,0,secondbase Stephen Smith,starter Darrion Smith,"['Strike', 'Looking', 'Slurve']",,,,,,,,,,[],False,False,False,False,False,False,False,False,0,False,False,False,False,False,False,catcher John Benzschawel,firstbase Jerry Johnson,secondbase Delos Echols,thirdbase Teyo Miraldi,shortstop Bob Small,leftfield Benny Powell,centerfield Dave Eckert,rightfield Oil Can Vardell
116,5,False,SF,1,SD,0,0,2,1,1,secondbase Stephen Smith,starter Darrion Smith,"['barrel', 'center left', 'Change Up']",,,,out,[],['Ball caught by leftfield Benny Powell'],,,,[],False,False,False,False,False,False,False,False,0,False,False,False,False,False,True,catcher John Benzschawel,firstbase Jerry Johnson,secondbase Delos Echols,thirdbase Teyo Miraldi,shortstop Bob Small,leftfield Benny Powell,centerfield Dave Eckert,rightfield Oil Can Vardell
117,5,False,SF,1,SD,0,0,0,2,1,thirdbase Steve Delong,starter Darrion Smith,"['solid', 'center left', 'Change Up']",,,,out,[],['Ball caught by shortstop Bob Small'],,,,[],False,False,False,False,False,False,False,False,0,False,False,False,False,False,True,catcher John Benzschawel,firstbase Jerry Johnson,secondbase Delos Echols,thirdbase Teyo Miraldi,shortstop Bob Small,leftfield Benny Powell,centerfield Dave Eckert,rightfield Oil Can Vardell
118,5,False,SF,1,SD,0,0,1,3,0,designatedhitter John Williams,starter Darrion Smith,"['Strike', 'Looking', 'Cutter']",,,,,,,,,,[],False,False,False,False,False,False,False,False,0,False,False,False,False,False,False,catcher John Benzschawel,firstbase Jerry Johnson,secondbase Delos Echols,thirdbase Teyo Miraldi,shortstop Bob Small,leftfield Benny Powell,centerfield Dave Eckert,rightfield Oil Can Vardell
119,5,False,SF,1,SD,0,1,1,3,0,designatedhitter John Williams,starter Darrion Smith,"['Ball', 'Looking', 'Slurve']",,,,,,,,,,[],False,False,False,False,False,False,False,False,0,False,False,False,False,False,False,catcher John Benzschawel,firstbase Jerry Johnson,secondbase Delos Echols,thirdbase Teyo Miraldi,shortstop Bob Small,leftfield Benny Powell,centerfield Dave Eckert,rightfield Oil Can Vardell
120,5,False,SF,1,SD,0,2,1,3,0,designatedhitter John Williams,starter Darrion Smith,"['Ball', 'Looking', 'Cutter']",,,,,,,,,,[],False,False,False,False,False,False,False,False,0,False,False,False,False,False,False,catcher John Benzschawel,firstbase Jerry Johnson,secondbase Delos Echols,thirdbase Teyo Miraldi,shortstop Bob Small,leftfield Benny Powell,centerfield Dave Eckert,rightfield Oil Can Vardell
121,5,False,SF,1,SD,0,2,2,3,0,designatedhitter John Williams,starter Darrion Smith,"['Strike', 'Foul', 'Four-Seam Fastball']",,,,,,,,,,[],False,False,False,False,False,False,False,False,0,False,False,False,False,False,False,catcher John Benzschawel,firstbase Jerry Johnson,secondbase Delos Echols,thirdbase Teyo Miraldi,shortstop Bob Small,leftfield Benny Powell,centerfield Dave Eckert,rightfield Oil Can Vardell
122,5,False,SF,1,SD,0,2,3,3,1,designatedhitter John Williams,starter Darrion Smith,"['Strike', 'Looking', 'Slurve']",,,,strikeout,[],['starter Darrion Smith strikes out designatedhitter John Williams'],,,,[],False,True,False,False,False,False,False,False,0,False,False,False,False,False,True,catcher John Benzschawel,firstbase Jerry Johnson,secondbase Delos Echols,thirdbase Teyo Miraldi,shortstop Bob Small,leftfield Benny Powell,centerfield Dave Eckert,rightfield Oil Can Vardell
123,6,True,SF,1,SD,0,0,0,0,1,catcher John Benzschawel,starter Neal Asiodu,"['solid', 'far right', 'Sinker']",,,,out,[],['Ball caught by rightfield Tony Everett'],,,,[],False,False,False,False,False,False,False,False,0,False,False,False,False,False,True,catcher Jared Harris,firstbase John Redmond,secondbase Stephen Smith,thirdbase Steve Delong,shortstop Karlos Smith,leftfield Logan Stephens,centerfield A.J. Oswalt,rightfield Tony Everett
124,6,True,SF,1,SD,0,0,1,1,0,secondbase Delos Echols,starter Neal Asiodu,"['Strike', 'Looking', 'Curveball']",,,,,,,,,,[],False,False,False,False,False,False,False,False,0,False,False,False,False,False,False,catcher Jared Harris,firstbase John Redmond,secondbase Stephen Smith,thirdbase Steve Delong,shortstop Karlos Smith,leftfield Logan Stephens,centerfield A.J. Oswalt,rightfield Tony Everett
125,6,True,SF,1,SD,0,0,2,1,0,secondbase Delos Echols,starter Neal Asiodu,"['Strike', 'Looking', 'Curveball']",,,,,,,,,,[],False,False,False,False,False,False,False,False,0,False,False,False,False,False,False,catcher Jared Harris,firstbase John Redmond,secondbase Stephen Smith,thirdbase Steve Delong,shortstop Karlos Smith,leftfield Logan Stephens,centerfield A.J. Oswalt,rightfield Tony Everett
126,6,True,SF,1,SD,0,1,2,1,0,secondbase Delos Echols,starter Neal Asiodu,"['Ball', 'Looking', 'Four-Seam Fastball']",,,,,,,,,,[],False,False,False,False,False,False,False,False,0,False,False,False,False,False,False,catcher Jared Harris,firstbase John Redmond,secondbase Stephen Smith,thirdbase Steve Delong,shortstop Karlos Smith,leftfield Logan Stephens,centerfield A.J. Oswalt,rightfield Tony Everett
127,6,True,SF,1,SD,0,1,2,1,1,secondbase Delos Echols,starter Neal Asiodu,"['solid', 'center right', 'Sinker']",,,,out,[],['Ball caught by secondbase Stephen Smith'],,,,[],False,False,False,False,False,False,False,False,0,False,False,False,False,False,True,catcher Jared Harris,firstbase John Redmond,secondbase Stephen Smith,thirdbase Steve Delong,shortstop Karlos Smith,leftfield Logan Stephens,centerfield A.J. Oswalt,rightfield Tony Everett
128,6,True,SF,1,SD,0,0,1,2,0,leftfield Benny Powell,starter Neal Asiodu,"['Strike', 'Swinging', 'Change Up']",,,,,,,,,,[],False,False,False,False,False,False,False,False,0,False,False,False,False,False,False,catcher Jared Harris,firstbase John Redmond,secondbase Stephen Smith,thirdbase Steve Delong,shortstop Karlos Smith,leftfield Logan Stephens,centerfield A.J. Oswalt,rightfield Tony Everett
129,6,True,SF,1,SD,1,0,1,2,0,leftfield Benny Powell,starter Neal Asiodu,"['barrel', 'center left', 'Change Up']",,,,homerun,[],[],,,,[leftfield Benny Powell],False,False,False,False,False,False,False,False,0,False,False,False,False,False,True,catcher Jared Harris,firstbase John Redmond,secondbase Stephen Smith,thirdbase Steve Delong,shortstop Karlos Smith,leftfield Logan Stephens,centerfield A.J. Oswalt,rightfield Tony Everett
130,6,True,SF,1,SD,1,1,0,2,0,shortstop Bob Small,starter Neal Asiodu,"['Ball', 'Looking', 'Sinker']",,,,,,,,,,[],False,False,False,False,False,False,False,False,0,False,False,False,False,False,False,catcher Jared Harris,firstbase John Redmond,secondbase Stephen Smith,thirdbase Steve Delong,shortstop Karlos Smith,leftfield Logan Stephens,centerfield A.J. Oswalt,rightfield Tony Everett
131,6,True,SF,1,SD,1,1,0,2,1,shortstop Bob Small,starter Neal Asiodu,"['solid', 'right', 'Sinker']",,,,out,[],['Ball caught by rightfield Tony Everett'],,,,[],False,False,False,False,False,False,False,False,0,False,False,False,False,False,True,catcher Jared Harris,firstbase John Redmond,secondbase Stephen Smith,thirdbase Steve Delong,shortstop Karlos Smith,leftfield Logan Stephens,centerfield A.J. Oswalt,rightfield Tony Everett
132,6,True,SF,1,SD,1,1,0,3,0,thirdbase Teyo Miraldi,starter Neal Asiodu,"['Ball', 'Looking', 'Change Up']",,,,,,,,,,[],False,False,False,False,False,False,False,False,0,False,False,False,False,False,False,catcher Jared Harris,firstbase John Redmond,secondbase Stephen Smith,thirdbase Steve Delong,shortstop Karlos Smith,leftfield Logan Stephens,centerfield A.J. Oswalt,rightfield Tony Everett
133,6,True,SF,1,SD,1,2,0,3,0,thirdbase Teyo Miraldi,starter Neal Asiodu,"['Ball', 'Looking', 'Curveball']",,,,,,,,,,[],False,False,False,False,False,False,False,False,0,False,False,False,False,False,False,catcher Jared Harris,firstbase John Redmond,secondbase Stephen Smith,thirdbase Steve Delong,shortstop Karlos Smith,leftfield Logan Stephens,centerfield A.J. Oswalt,rightfield Tony Everett
134,6,True,SF,1,SD,1,3,0,3,0,thirdbase Teyo Miraldi,starter Neal Asiodu,"['Ball', 'Looking', 'Curveball']",,,,,,,,,,[],False,False,False,False,False,False,False,False,0,False,False,False,False,False,False,catcher Jared Harris,firstbase John Redmond,secondbase Stephen Smith,thirdbase Steve Delong,shortstop Karlos Smith,leftfield Logan Stephens,centerfield A.J. Oswalt,rightfield Tony Everett
135,6,True,SF,1,SD,1,3,1,3,0,thirdbase Teyo Miraldi,starter Neal Asiodu,"['Strike', 'Looking', 'Change Up']",,,,,,,,,,[],False,False,False,False,False,False,False,False,0,False,False,False,False,False,False,catcher Jared Harris,firstbase John Redmond,secondbase Stephen Smith,thirdbase Steve Delong,shortstop Karlos Smith,leftfield Logan Stephens,centerfield A.J. Oswalt,rightfield Tony Everett
136,6,True,SF,1,SD,1,4,1,3,0,thirdbase Teyo Miraldi,starter Neal Asiodu,"['Ball', 'Looking', 'Curveball']",,,,walk,[],['starter Neal Asiodu walks thirdbase Teyo Miraldi'],thirdbase Teyo Miraldi,,,[],True,False,False,False,False,False,False,False,0,False,False,False,False,False,True,catcher Jared Harris,firstbase John Redmond,secondbase Stephen Smith,thirdbase Steve Delong,shortstop Karlos Smith,leftfield Logan Stephens,centerfield A.J. Oswalt,rightfield Tony Everett
137,6,True,SF,1,SD,1,0,0,3,1,rightfield Oil Can Vardell,starter Neal Asiodu,"['burner', 'left', 'Sinker']",,,,out,"['shortstop Karlos Smith catching error!', 'firstbase John Redmond catching error!']","['error by shortstop Karlos Smith', 'error by firstbase John Redmond shortstop Karlos Smith throws it to firstbase John Redmond']",thirdbase Teyo Miraldi,,,[],False,False,False,False,False,False,False,False,0,False,False,False,False,False,True,catcher Jared Harris,firstbase John Redmond,secondbase Stephen Smith,thirdbase Steve Delong,shortstop Karlos Smith,leftfield Logan Stephens,centerfield A.J. Oswalt,rightfield Tony Everett
138,6,False,SF,1,SD,1,0,1,0,0,catcher Jared Harris,starter Darrion Smith,"['Strike', 'Foul', 'Change Up']",,,,,,,,,,[],False,False,False,False,False,False,False,False,0,False,False,False,False,False,False,catcher John Benzschawel,firstbase Jerry Johnson,secondbase Delos Echols,thirdbase Teyo Miraldi,shortstop Bob Small,leftfield Benny Powell,centerfield Dave Eckert,rightfield Oil Can Vardell
139,6,False,SF,1,SD,1,1,1,0,0,catcher Jared Harris,starter Darrion Smith,"['Ball', 'Looking', 'Four-Seam Fastball']",,,,,,,,,,[],False,False,False,False,False,False,False,False,0,False,False,False,False,False,False,catcher John Benzschawel,firstbase Jerry Johnson,secondbase Delos Echols,thirdbase Teyo Miraldi,shortstop Bob Small,leftfield Benny Powell,centerfield Dave Eckert,rightfield Oil Can Vardell
140,6,False,SF,1,SD,1,1,1,0,1,catcher Jared Harris,starter Darrion Smith,"['flare', 'left', 'Cutter']",,,,out,[],['Ball caught by leftfield Benny Powell'],,,,[],False,False,False,False,False,False,False,False,0,False,False,False,False,False,True,catcher John Benzschawel,firstbase Jerry Johnson,secondbase Delos Echols,thirdbase Teyo Miraldi,shortstop Bob Small,leftfield Benny Powell,centerfield Dave Eckert,rightfield Oil Can Vardell
141,6,False,SF,1,SD,1,1,0,1,0,rightfield Tony Everett,starter Darrion Smith,"['Ball', 'Looking', 'Cutter']",,,,,,,,,,[],False,False,False,False,False,False,False,False,0,False,False,False,False,False,False,catcher John Benzschawel,firstbase Jerry Johnson,secondbase Delos Echols,thirdbase Teyo Miraldi,shortstop Bob Small,leftfield Benny Powell,centerfield Dave Eckert,rightfield Oil Can Vardell
142,6,False,SF,1,SD,1,1,0,1,0,rightfield Tony Everett,starter Darrion Smith,"['flare', 'center right', 'Slurve']",,,,out,['secondbase Delos Echols catching error!'],"['error by secondbase Delos Echols', ""secondbase Delos Echols's throw caught by firstbase Jerry Johnson secondbase Delos Echols throws it to firstbase Jerry Johnson""]",,,,[],False,False,False,False,False,False,False,False,0,False,False,False,False,False,True,catcher John Benzschawel,firstbase Jerry Johnson,secondbase Delos Echols,thirdbase Teyo Miraldi,shortstop Bob Small,leftfield Benny Powell,centerfield Dave Eckert,rightfield Oil Can Vardell
143,6,False,SF,1,SD,1,0,0,1,1,leftfield Logan Stephens,starter Darrion Smith,"['solid', 'center left', 'Cutter']",,,,out,[],['Ball caught by centerfield Dave Eckert'],,,,[],False,False,False,False,False,False,False,False,0,False,False,False,False,False,True,catcher John Benzschawel,firstbase Jerry Johnson,secondbase Delos Echols,thirdbase Teyo Miraldi,shortstop Bob Small,leftfield Benny Powell,centerfield Dave Eckert,rightfield Oil Can Vardell
144,6,False,SF,1,SD,1,1,0,2,0,shortstop Karlos Smith,starter Darrion Smith,"['Ball', 'Looking', 'Slurve']",,,,,,,,,,[],False,False,False,False,False,False,False,False,0,False,False,False,False,False,False,catcher John Benzschawel,firstbase Jerry Johnson,secondbase Delos Echols,thirdbase Teyo Miraldi,shortstop Bob Small,leftfield Benny Powell,centerfield Dave Eckert,rightfield Oil Can Vardell
145,6,False,SF,1,SD,1,1,1,2,0,shortstop Karlos Smith,starter Darrion Smith,"['Strike', 'Looking', 'Change Up']",,,,,,,,,,[],False,False,False,False,False,False,False,False,0,False,False,False,False,False,False,catcher John Benzschawel,firstbase Jerry Johnson,secondbase Delos Echols,thirdbase Teyo Miraldi,shortstop Bob Small,leftfield Benny Powell,centerfield Dave Eckert,rightfield Oil Can Vardell
146,6,False,SF,1,SD,1,1,2,2,0,shortstop Karlos Smith,starter Darrion Smith,"['Strike', 'Foul', 'Cutter']",,,,,,,,,,[],False,False,False,False,False,False,False,False,0,False,False,False,False,False,False,catcher John Benzschawel,firstbase Jerry Johnson,secondbase Delos Echols,thirdbase Teyo Miraldi,shortstop Bob Small,leftfield Benny Powell,centerfield Dave Eckert,rightfield Oil Can Vardell
147,6,False,SF,1,SD,1,1,3,2,1,shortstop Karlos Smith,starter Darrion Smith,"['Strike', 'Looking', 'Cutter']",,,,strikeout,[],['starter Darrion Smith strikes out shortstop Karlos Smith'],,,,[],False,True,False,False,False,False,False,False,0,False,False,False,False,False,True,catcher John Benzschawel,firstbase Jerry Johnson,secondbase Delos Echols,thirdbase Teyo Miraldi,shortstop Bob Small,leftfield Benny Powell,centerfield Dave Eckert,rightfield Oil Can Vardell
148,6,False,SF,1,SD,1,0,1,3,0,firstbase John Redmond,starter Darrion Smith,"['Strike', 'Foul', 'Four-Seam Fastball']",,,,,,,,,,[],False,False,False,False,False,False,False,False,0,False,False,False,False,False,False,catcher John Benzschawel,firstbase Jerry Johnson,secondbase Delos Echols,thirdbase Teyo Miraldi,shortstop Bob Small,leftfield Benny Powell,centerfield Dave Eckert,rightfield Oil Can Vardell
149,6,False,SF,1,SD,1,0,1,3,1,firstbase John Redmond,starter Darrion Smith,"['solid', 'center right', 'Change Up']",,,,out,[],['Ball caught by rightfield Oil Can Vardell'],,,,[],False,False,False,False,False,False,False,False,0,False,False,False,False,False,True,catcher John Benzschawel,firstbase Jerry Johnson,secondbase Delos Echols,thirdbase Teyo Miraldi,shortstop Bob Small,leftfield Benny Powell,centerfield Dave Eckert,rightfield Oil Can Vardell
150,7,True,SF,1,SD,1,0,1,0,0,firstbase Jerry Johnson,starter Neal Asiodu,"['Strike', 'Foul', 'Change Up']",,,,,,,,,,[],False,False,False,False,False,False,False,False,0,False,False,False,False,False,False,catcher Jared Harris,firstbase John Redmond,secondbase Stephen Smith,thirdbase Steve Delong,shortstop Karlos Smith,leftfield Logan Stephens,centerfield A.J. Oswalt,rightfield Tony Everett
151,7,True,SF,1,SD,1,0,2,0,0,firstbase Jerry Johnson,starter Neal Asiodu,"['Strike', 'Foul', 'Four-Seam Fastball']",,,,,,,,,,[],False,False,False,False,False,False,False,False,0,False,False,False,False,False,False,catcher Jared Harris,firstbase John Redmond,secondbase Stephen Smith,thirdbase Steve Delong,shortstop Karlos Smith,leftfield Logan Stephens,centerfield A.J. Oswalt,rightfield Tony Everett
152,7,True,SF,1,SD,1,0,2,0,1,firstbase Jerry Johnson,starter Neal Asiodu,"['flare', 'far left', 'Curveball']",,,,out,[],['Ball caught by leftfield Logan Stephens'],,,,[],False,False,False,False,False,False,False,False,0,False,False,False,False,False,True,catcher Jared Harris,firstbase John Redmond,secondbase Stephen Smith,thirdbase Steve Delong,shortstop Karlos Smith,leftfield Logan Stephens,centerfield A.J. Oswalt,rightfield Tony Everett
153,7,True,SF,1,SD,1,0,1,1,0,centerfield Dave Eckert,starter Neal Asiodu,"['Strike', 'Swinging', 'Curveball']",,,,,,,,,,[],False,False,False,False,False,False,False,False,0,False,False,False,False,False,False,catcher Jared Harris,firstbase John Redmond,secondbase Stephen Smith,thirdbase Steve Delong,shortstop Karlos Smith,leftfield Logan Stephens,centerfield A.J. Oswalt,rightfield Tony Everett
154,7,True,SF,1,SD,1,0,2,1,0,centerfield Dave Eckert,starter Neal Asiodu,"['Strike', 'Looking', 'Change Up']",,,,,,,,,,[],False,False,False,False,False,False,False,False,0,False,False,False,False,False,False,catcher Jared Harris,firstbase John Redmond,secondbase Stephen Smith,thirdbase Steve Delong,shortstop Karlos Smith,leftfield Logan Stephens,centerfield A.J. Oswalt,rightfield Tony Everett
155,7,True,SF,1,SD,1,0,2,1,0,centerfield Dave Eckert,starter Neal Asiodu,"['Strike', 'Foul', 'Curveball']",,,,,,,,,,[],False,False,False,False,False,False,False,False,0,False,False,False,False,False,False,catcher Jared Harris,firstbase John Redmond,secondbase Stephen Smith,thirdbase Steve Delong,shortstop Karlos Smith,leftfield Logan Stephens,centerfield A.J. Oswalt,rightfield Tony Everett
156,7,True,SF,1,SD,1,1,2,1,0,centerfield Dave Eckert,starter Neal Asiodu,"['Ball', 'Looking', 'Change Up']",,,,,,,,,,[],False,False,False,False,False,False,False,False,0,False,False,False,False,False,False,catcher Jared Harris,firstbase John Redmond,secondbase Stephen Smith,thirdbase Steve Delong,shortstop Karlos Smith,leftfield Logan Stephens,centerfield A.J. Oswalt,rightfield Tony Everett
157,7,True,SF,1,SD,1,1,2,1,1,centerfield Dave Eckert,starter Neal Asiodu,"['solid', 'left', 'Sinker']",,,,out,[],['Ball caught by shortstop Karlos Smith'],,,,[],False,False,False,False,False,False,False,False,0,False,False,False,False,False,True,catcher Jared Harris,firstbase John Redmond,secondbase Stephen Smith,thirdbase Steve Delong,shortstop Karlos Smith,leftfield Logan Stephens,centerfield A.J. Oswalt,rightfield Tony Everett
158,7,True,SF,1,SD,1,1,0,2,0,designatedhitter Glenn Jones,starter Neal Asiodu,"['Ball', 'Looking', 'Four-Seam Fastball']",,,,,,,,,,[],False,False,False,False,False,False,False,False,0,False,False,False,False,False,False,catcher Jared Harris,firstbase John Redmond,secondbase Stephen Smith,thirdbase Steve Delong,shortstop Karlos Smith,leftfield Logan Stephens,centerfield A.J. Oswalt,rightfield Tony Everett
159,7,True,SF,1,SD,1,2,0,2,0,designatedhitter Glenn Jones,starter Neal Asiodu,"['Ball', 'Looking', 'Curveball']",,,,,,,,,,[],False,False,False,False,False,False,False,False,0,False,False,False,False,False,False,catcher Jared Harris,firstbase John Redmond,secondbase Stephen Smith,thirdbase Steve Delong,shortstop Karlos Smith,leftfield Logan Stephens,centerfield A.J. Oswalt,rightfield Tony Everett
160,7,True,SF,1,SD,1,2,0,2,1,designatedhitter Glenn Jones,starter Neal Asiodu,"['solid', 'right', 'Change Up']",,,,out,[],['Ball caught by secondbase Stephen Smith'],,,,[],False,False,False,False,False,False,False,False,0,False,False,False,False,False,True,catcher Jared Harris,firstbase John Redmond,secondbase Stephen Smith,thirdbase Steve Delong,shortstop Karlos Smith,leftfield Logan Stephens,centerfield A.J. Oswalt,rightfield Tony Everett
161,7,True,SF,1,SD,1,1,0,3,0,catcher John Benzschawel,starter Neal Asiodu,"['Ball', 'Looking', 'Curveball']",,,,,,,,,,[],False,False,False,False,False,False,False,False,0,False,False,False,False,False,False,catcher Jared Harris,firstbase John Redmond,secondbase Stephen Smith,thirdbase Steve Delong,shortstop Karlos Smith,leftfield Logan Stephens,centerfield A.J. Oswalt,rightfield Tony Everett
162,7,True,SF,1,SD,1,1,0,3,1,catcher John Benzschawel,starter Neal Asiodu,"['flare', 'far right', 'Sinker']",,,,out,[],['Ball caught by rightfield Tony Everett'],,,,[],False,False,False,False,False,False,False,False,0,False,False,False,False,False,True,catcher Jared Harris,firstbase John Redmond,secondbase Stephen Smith,thirdbase Steve Delong,shortstop Karlos Smith,leftfield Logan Stephens,centerfield A.J. Oswalt,rightfield Tony Everett
163,7,False,SF,1,SD,1,1,0,0,0,centerfield A.J. Oswalt,starter Darrion Smith,"['Ball', 'Looking', 'Slurve']",,,,,,,,,,[],False,False,False,False,False,False,False,False,0,False,False,False,False,False,False,catcher John Benzschawel,firstbase Jerry Johnson,secondbase Delos Echols,thirdbase Teyo Miraldi,shortstop Bob Small,leftfield Benny Powell,centerfield Dave Eckert,rightfield Oil Can Vardell
164,7,False,SF,1,SD,1,2,0,0,0,centerfield A.J. Oswalt,starter Darrion Smith,"['Ball', 'Looking', 'Four-Seam Fastball']",,,,,,,,,,[],False,False,False,False,False,False,False,False,0,False,False,False,False,False,False,catcher John Benzschawel,firstbase Jerry Johnson,secondbase Delos Echols,thirdbase Teyo Miraldi,shortstop Bob Small,leftfield Benny Powell,centerfield Dave Eckert,rightfield Oil Can Vardell
165,7,False,SF,1,SD,1,3,0,0,0,centerfield A.J. Oswalt,starter Darrion Smith,"['Ball', 'Looking', 'Cutter']",,,,,,,,,,[],False,False,False,False,False,False,False,False,0,False,False,False,False,False,False,catcher John Benzschawel,firstbase Jerry Johnson,secondbase Delos Echols,thirdbase Teyo Miraldi,shortstop Bob Small,leftfield Benny Powell,centerfield Dave Eckert,rightfield Oil Can Vardell
166,7,False,SF,1,SD,1,3,0,0,1,centerfield A.J. Oswalt,starter Darrion Smith,"['solid', 'right', 'Change Up']",,,,out,[],['Ball caught by secondbase Delos Echols'],,,,[],False,False,False,False,False,False,False,False,0,False,False,False,False,False,True,catcher John Benzschawel,firstbase Jerry Johnson,secondbase Delos Echols,thirdbase Teyo Miraldi,shortstop Bob Small,leftfield Benny Powell,centerfield Dave Eckert,rightfield Oil Can Vardell
167,7,False,SF,1,SD,1,1,0,1,0,secondbase Stephen Smith,starter Darrion Smith,"['Ball', 'Looking', 'Slurve']",,,,,,,,,,[],False,False,False,False,False,False,False,False,0,False,False,False,False,False,False,catcher John Benzschawel,firstbase Jerry Johnson,secondbase Delos Echols,thirdbase Teyo Miraldi,shortstop Bob Small,leftfield Benny Powell,centerfield Dave Eckert,rightfield Oil Can Vardell
168,7,False,SF,1,SD,1,2,0,1,0,secondbase Stephen Smith,starter Darrion Smith,"['Ball', 'Looking', 'Slurve']",,,,,,,,,,[],False,False,False,False,False,False,False,False,0,False,False,False,False,False,False,catcher John Benzschawel,firstbase Jerry Johnson,secondbase Delos Echols,thirdbase Teyo Miraldi,shortstop Bob Small,leftfield Benny Powell,centerfield Dave Eckert,rightfield Oil Can Vardell
169,7,False,SF,1,SD,1,2,1,1,0,secondbase Stephen Smith,starter Darrion Smith,"['Strike', 'Looking', 'Slurve']",,,,,,,,,,[],False,False,False,False,False,False,False,False,0,False,False,False,False,False,False,catcher John Benzschawel,firstbase Jerry Johnson,secondbase Delos Echols,thirdbase Teyo Miraldi,shortstop Bob Small,leftfield Benny Powell,centerfield Dave Eckert,rightfield Oil Can Vardell
170,7,False,SF,1,SD,1,2,1,1,1,secondbase Stephen Smith,starter Darrion Smith,"['flare', 'dead center', 'Four-Seam Fastball']",,,,out,[],['Ball caught by centerfield Dave Eckert'],,,,[],False,False,False,False,False,False,False,False,0,False,False,False,False,False,True,catcher John Benzschawel,firstbase Jerry Johnson,secondbase Delos Echols,thirdbase Teyo Miraldi,shortstop Bob Small,leftfield Benny Powell,centerfield Dave Eckert,rightfield Oil Can Vardell
171,7,False,SF,1,SD,1,0,1,2,0,thirdbase Steve Delong,starter Darrion Smith,"['Strike', 'Looking', 'Slurve']",,,,,,,,,,[],False,False,False,False,False,False,False,False,0,False,False,False,False,False,False,catcher John Benzschawel,firstbase Jerry Johnson,secondbase Delos Echols,thirdbase Teyo Miraldi,shortstop Bob Small,leftfield Benny Powell,centerfield Dave Eckert,rightfield Oil Can Vardell
172,7,False,SF,1,SD,1,0,2,2,0,thirdbase Steve Delong,starter Darrion Smith,"['Strike', 'Looking', 'Four-Seam Fastball']",,,,,,,,,,[],False,False,False,False,False,False,False,False,0,False,False,False,False,False,False,catcher John Benzschawel,firstbase Jerry Johnson,secondbase Delos Echols,thirdbase Teyo Miraldi,shortstop Bob Small,leftfield Benny Powell,centerfield Dave Eckert,rightfield Oil Can Vardell
173,7,False,SF,1,SD,1,0,3,2,1,thirdbase Steve Delong,starter Darrion Smith,"['Strike', 'Swinging', 'Cutter']",,,,strikeout,[],['starter Darrion Smith strikes out thirdbase Steve Delong'],,,,[],False,True,False,False,False,False,False,False,0,False,False,False,False,False,True,catcher John Benzschawel,firstbase Jerry Johnson,secondbase Delos Echols,thirdbase Teyo Miraldi,shortstop Bob Small,leftfield Benny Powell,centerfield Dave Eckert,rightfield Oil Can Vardell
174,7,False,SF,1,SD,1,1,0,3,0,designatedhitter John Williams,starter Darrion Smith,"['Ball', 'Looking', 'Cutter']",,,,,,,,,,[],False,False,False,False,False,False,False,False,0,False,False,False,False,False,False,catcher John Benzschawel,firstbase Jerry Johnson,secondbase Delos Echols,thirdbase Teyo Miraldi,shortstop Bob Small,leftfield Benny Powell,centerfield Dave Eckert,rightfield Oil Can Vardell
175,7,False,SF,1,SD,1,1,0,3,1,designatedhitter John Williams,starter Darrion Smith,"['burner', 'far left', 'Cutter']",,,,out,[],['Ball caught by thirdbase Teyo Miraldi'],,,,[],False,False,False,False,False,False,False,False,0,False,False,False,False,False,True,catcher John Benzschawel,firstbase Jerry Johnson,secondbase Delos Echols,thirdbase Teyo Miraldi,shortstop Bob Small,leftfield Benny Powell,centerfield Dave Eckert,rightfield Oil Can Vardell
176,8,True,SF,1,SD,1,0,0,0,1,secondbase Delos Echols,starter Neal Asiodu,"['barrel', 'center right', 'Change Up']",,,,out,[],['Ball caught by rightfield Tony Everett'],,,,[],False,False,False,False,False,False,False,False,0,False,False,False,False,False,True,catcher Jared Harris,firstbase John Redmond,secondbase Stephen Smith,thirdbase Steve Delong,shortstop Karlos Smith,leftfield Logan Stephens,centerfield A.J. Oswalt,rightfield Tony Everett
177,8,True,SF,1,SD,1,0,1,1,0,leftfield Benny Powell,starter Neal Asiodu,"['Strike', 'Looking', 'Curveball']",,,,,,,,,,[],False,False,False,False,False,False,False,False,0,False,False,False,False,False,False,catcher Jared Harris,firstbase John Redmond,secondbase Stephen Smith,thirdbase Steve Delong,shortstop Karlos Smith,leftfield Logan Stephens,centerfield A.J. Oswalt,rightfield Tony Everett
178,8,True,SF,1,SD,1,1,1,1,0,leftfield Benny Powell,starter Neal Asiodu,"['Ball', 'Looking', 'Curveball']",,,,,,,,,,[],False,False,False,False,False,False,False,False,0,False,False,False,False,False,False,catcher Jared Harris,firstbase John Redmond,secondbase Stephen Smith,thirdbase Steve Delong,shortstop Karlos Smith,leftfield Logan Stephens,centerfield A.J. Oswalt,rightfield Tony Everett
179,8,True,SF,1,SD,1,2,1,1,0,leftfield Benny Powell,starter Neal Asiodu,"['Ball', 'Looking', 'Change Up']",,,,,,,,,,[],False,False,False,False,False,False,False,False,0,False,False,False,False,False,False,catcher Jared Harris,firstbase John Redmond,secondbase Stephen Smith,thirdbase Steve Delong,shortstop Karlos Smith,leftfield Logan Stephens,centerfield A.J. Oswalt,rightfield Tony Everett
180,8,True,SF,1,SD,1,2,2,1,0,leftfield Benny Powell,starter Neal Asiodu,"['Strike', 'Looking', 'Curveball']",,,,,,,,,,[],False,False,False,False,False,False,False,False,0,False,False,False,False,False,False,catcher Jared Harris,firstbase John Redmond,secondbase Stephen Smith,thirdbase Steve Delong,shortstop Karlos Smith,leftfield Logan Stephens,centerfield A.J. Oswalt,rightfield Tony Everett
181,8,True,SF,1,SD,1,2,3,1,1,leftfield Benny Powell,starter Neal Asiodu,"['Strike', 'Looking', 'Four-Seam Fastball']",,,,strikeout,[],['starter Neal Asiodu strikes out leftfield Benny Powell'],,,,[],False,True,False,False,False,False,False,False,0,False,False,False,False,False,True,catcher Jared Harris,firstbase John Redmond,secondbase Stephen Smith,thirdbase Steve Delong,shortstop Karlos Smith,leftfield Logan Stephens,centerfield A.J. Oswalt,rightfield Tony Everett
182,8,True,SF,1,SD,1,0,0,2,1,shortstop Bob Small,starter Neal Asiodu,"['barrel', 'center right', 'Sinker']",,,,out,[],['Ball caught by centerfield A.J. Oswalt'],,,,[],False,False,False,False,False,False,False,False,0,False,False,False,False,False,True,catcher Jared Harris,firstbase John Redmond,secondbase Stephen Smith,thirdbase Steve Delong,shortstop Karlos Smith,leftfield Logan Stephens,centerfield A.J. Oswalt,rightfield Tony Everett
183,8,True,SF,1,SD,1,0,1,3,0,thirdbase Teyo Miraldi,starter Neal Asiodu,"['Strike', 'Looking', 'Sinker']",,,,,,,,,,[],False,False,False,False,False,False,False,False,0,False,False,False,False,False,False,catcher Jared Harris,firstbase John Redmond,secondbase Stephen Smith,thirdbase Steve Delong,shortstop Karlos Smith,leftfield Logan Stephens,centerfield A.J. Oswalt,rightfield Tony Everett
184,8,True,SF,1,SD,1,1,1,3,0,thirdbase Teyo Miraldi,starter Neal Asiodu,"['Ball', 'Looking', 'Curveball']",,,,,,,,,,[],False,False,False,False,False,False,False,False,0,False,False,False,False,False,False,catcher Jared Harris,firstbase John Redmond,secondbase Stephen Smith,thirdbase Steve Delong,shortstop Karlos Smith,leftfield Logan Stephens,centerfield A.J. Oswalt,rightfield Tony Everett
185,8,True,SF,1,SD,1,1,1,3,1,thirdbase Teyo Miraldi,starter Neal Asiodu,"['flare', 'left', 'Sinker']",,,,out,[],['Ball caught by leftfield Logan Stephens'],,,,[],False,False,False,False,False,False,False,False,0,False,False,False,False,False,True,catcher Jared Harris,firstbase John Redmond,secondbase Stephen Smith,thirdbase Steve Delong,shortstop Karlos Smith,leftfield Logan Stephens,centerfield A.J. Oswalt,rightfield Tony Everett
186,8,False,SF,1,SD,1,0,1,0,0,catcher Jared Harris,starter Darrion Smith,"['Strike', 'Looking', 'Change Up']",,,,,,,,,,[],False,False,False,False,False,False,False,False,0,False,False,False,False,False,False,catcher John Benzschawel,firstbase Jerry Johnson,secondbase Delos Echols,thirdbase Teyo Miraldi,shortstop Bob Small,leftfield Benny Powell,centerfield Dave Eckert,rightfield Oil Can Vardell
187,8,False,SF,1,SD,1,0,1,0,1,catcher Jared Harris,starter Darrion Smith,"['flare', 'far left', 'Cutter']",,,,out,[],['Ball caught by thirdbase Teyo Miraldi'],,,,[],False,False,False,False,False,False,False,False,0,False,False,False,False,False,True,catcher John Benzschawel,firstbase Jerry Johnson,secondbase Delos Echols,thirdbase Teyo Miraldi,shortstop Bob Small,leftfield Benny Powell,centerfield Dave Eckert,rightfield Oil Can Vardell
188,8,False,SF,1,SD,1,0,1,1,0,rightfield Tony Everett,starter Darrion Smith,"['Strike', 'Swinging', 'Slurve']",,,,,,,,,,[],False,False,False,False,False,False,False,False,0,False,False,False,False,False,False,catcher John Benzschawel,firstbase Jerry Johnson,secondbase Delos Echols,thirdbase Teyo Miraldi,shortstop Bob Small,leftfield Benny Powell,centerfield Dave Eckert,rightfield Oil Can Vardell
189,8,False,SF,1,SD,1,0,2,1,0,rightfield Tony Everett,starter Darrion Smith,"['Strike', 'Foul', 'Slurve']",,,,,,,,,,[],False,False,False,False,False,False,False,False,0,False,False,False,False,False,False,catcher John Benzschawel,firstbase Jerry Johnson,secondbase Delos Echols,thirdbase Teyo Miraldi,shortstop Bob Small,leftfield Benny Powell,centerfield Dave Eckert,rightfield Oil Can Vardell
190,8,False,SF,1,SD,1,0,3,1,1,rightfield Tony Everett,starter Darrion Smith,"['Strike', 'Swinging', 'Cutter']",,,,strikeout,[],['starter Darrion Smith strikes out rightfield Tony Everett'],,,,[],False,True,False,False,False,False,False,False,0,False,False,False,False,False,True,catcher John Benzschawel,firstbase Jerry Johnson,secondbase Delos Echols,thirdbase Teyo Miraldi,shortstop Bob Small,leftfield Benny Powell,centerfield Dave Eckert,rightfield Oil Can Vardell
191,8,False,SF,1,SD,1,1,0,2,0,leftfield Logan Stephens,starter Darrion Smith,"['Ball', 'Looking', 'Cutter']",,,,,,,,,,[],False,False,False,False,False,False,False,False,0,False,False,False,False,False,False,catcher John Benzschawel,firstbase Jerry Johnson,secondbase Delos Echols,thirdbase Teyo Miraldi,shortstop Bob Small,leftfield Benny Powell,centerfield Dave Eckert,rightfield Oil Can Vardell
192,8,False,SF,1,SD,1,1,0,2,1,leftfield Logan Stephens,starter Darrion Smith,"['flare', 'center left', 'Cutter']",,,,out,[],['Ball caught by leftfield Benny Powell'],,,,[],False,False,False,False,False,False,False,False,0,False,False,False,False,False,True,catcher John Benzschawel,firstbase Jerry Johnson,secondbase Delos Echols,thirdbase Teyo Miraldi,shortstop Bob Small,leftfield Benny Powell,centerfield Dave Eckert,rightfield Oil Can Vardell
193,8,False,SF,1,SD,1,0,0,3,1,shortstop Karlos Smith,starter Darrion Smith,"['burner', 'center right', 'Slurve']",,,,out,[],['Ball caught by secondbase Delos Echols'],,,,[],False,False,False,False,False,False,False,False,0,False,False,False,False,False,True,catcher John Benzschawel,firstbase Jerry Johnson,secondbase Delos Echols,thirdbase Teyo Miraldi,shortstop Bob Small,leftfield Benny Powell,centerfield Dave Eckert,rightfield Oil Can Vardell
194,9,True,SF,1,SD,1,1,0,0,0,rightfield Oil Can Vardell,starter Neal Asiodu,"['Ball', 'Looking', 'Curveball']",,,,,,,,,,[],False,False,False,False,False,False,False,False,0,False,False,False,False,False,False,catcher Jared Harris,firstbase John Redmond,secondbase Stephen Smith,thirdbase Steve Delong,shortstop Karlos Smith,leftfield Logan Stephens,centerfield A.J. Oswalt,rightfield Tony Everett
195,9,True,SF,1,SD,1,1,0,0,1,rightfield Oil Can Vardell,starter Neal Asiodu,"['barrel', 'far left', 'Sinker']",,,,out,[],['Ball caught by leftfield Logan Stephens'],,,,[],False,False,False,False,False,False,False,False,0,False,False,False,False,False,True,catcher Jared Harris,firstbase John Redmond,secondbase Stephen Smith,thirdbase Steve Delong,shortstop Karlos Smith,leftfield Logan Stephens,centerfield A.J. Oswalt,rightfield Tony Everett
196,9,True,SF,1,SD,1,0,1,1,0,firstbase Jerry Johnson,starter Neal Asiodu,"['Strike', 'Foul', 'Four-Seam Fastball']",,,,,,,,,,[],False,False,False,False,False,False,False,False,0,False,False,False,False,False,False,catcher Jared Harris,firstbase John Redmond,secondbase Stephen Smith,thirdbase Steve Delong,shortstop Karlos Smith,leftfield Logan Stephens,centerfield A.J. Oswalt,rightfield Tony Everett
197,9,True,SF,1,SD,1,0,2,1,0,firstbase Jerry Johnson,starter Neal Asiodu,"['Strike', 'Foul', 'Curveball']",,,,,,,,,,[],False,False,False,False,False,False,False,False,0,False,False,False,False,False,False,catcher Jared Harris,firstbase John Redmond,secondbase Stephen Smith,thirdbase Steve Delong,shortstop Karlos Smith,leftfield Logan Stephens,centerfield A.J. Oswalt,rightfield Tony Everett
198,9,True,SF,1,SD,1,0,3,1,1,firstbase Jerry Johnson,starter Neal Asiodu,"['Strike', 'Looking', 'Sinker']",,,,strikeout,[],['starter Neal Asiodu strikes out firstbase Jerry Johnson'],,,,[],False,True,False,False,False,False,False,False,0,False,False,False,False,False,True,catcher Jared Harris,firstbase John Redmond,secondbase Stephen Smith,thirdbase Steve Delong,shortstop Karlos Smith,leftfield Logan Stephens,centerfield A.J. Oswalt,rightfield Tony Everett
199,9,True,SF,1,SD,1,0,1,2,0,centerfield Dave Eckert,starter Neal Asiodu,"['Strike', 'Looking', 'Change Up']",,,,,,,,,,[],False,False,False,False,False,False,False,False,0,False,False,False,False,False,False,catcher Jared Harris,firstbase John Redmond,secondbase Stephen Smith,thirdbase Steve Delong,shortstop Karlos Smith,leftfield Logan Stephens,centerfield A.J. Oswalt,rightfield Tony Everett
200,9,True,SF,1,SD,1,1,1,2,0,centerfield Dave Eckert,starter Neal Asiodu,"['Ball', 'Looking', 'Curveball']",,,,,,,,,,[],False,False,False,False,False,False,False,False,0,False,False,False,False,False,False,catcher Jared Harris,firstbase John Redmond,secondbase Stephen Smith,thirdbase Steve Delong,shortstop Karlos Smith,leftfield Logan Stephens,centerfield A.J. Oswalt,rightfield Tony Everett
201,9,True,SF,1,SD,1,1,2,2,0,centerfield Dave Eckert,starter Neal Asiodu,"['Strike', 'Looking', 'Four-Seam Fastball']",,,,,,,,,,[],False,False,False,False,False,False,False,False,0,False,False,False,False,False,False,catcher Jared Harris,firstbase John Redmond,secondbase Stephen Smith,thirdbase Steve Delong,shortstop Karlos Smith,leftfield Logan Stephens,centerfield A.J. Oswalt,rightfield Tony Everett
202,9,True,SF,1,SD,1,2,2,2,0,centerfield Dave Eckert,starter Neal Asiodu,"['Ball', 'Looking', 'Curveball']",,,,,,,,,,[],False,False,False,False,False,False,False,False,0,False,False,False,False,False,False,catcher Jared Harris,firstbase John Redmond,secondbase Stephen Smith,thirdbase Steve Delong,shortstop Karlos Smith,leftfield Logan Stephens,centerfield A.J. Oswalt,rightfield Tony Everett
203,9,True,SF,1,SD,1,3,2,2,0,centerfield Dave Eckert,starter Neal Asiodu,"['Ball', 'Looking', 'Curveball']",,,,,,,,,,[],False,False,False,False,False,False,False,False,0,False,False,False,False,False,False,catcher Jared Harris,firstbase John Redmond,secondbase Stephen Smith,thirdbase Steve Delong,shortstop Karlos Smith,leftfield Logan Stephens,centerfield A.J. Oswalt,rightfield Tony Everett
204,9,True,SF,1,SD,1,3,2,2,1,centerfield Dave Eckert,starter Neal Asiodu,"['solid', 'center right', 'Curveball']",,,,out,[],['Ball caught by centerfield A.J. Oswalt'],,,,[],False,False,False,False,False,False,False,False,0,False,False,False,False,False,True,catcher Jared Harris,firstbase John Redmond,secondbase Stephen Smith,thirdbase Steve Delong,shortstop Karlos Smith,leftfield Logan Stephens,centerfield A.J. Oswalt,rightfield Tony Everett
205,9,True,SF,1,SD,1,1,0,3,0,designatedhitter Glenn Jones,starter Neal Asiodu,"['Ball', 'Looking', 'Sinker']",,,,,,,,,,[],False,False,False,False,False,False,False,False,0,False,False,False,False,False,False,catcher Jared Harris,firstbase John Redmond,secondbase Stephen Smith,thirdbase Steve Delong,shortstop Karlos Smith,leftfield Logan Stephens,centerfield A.J. Oswalt,rightfield Tony Everett
206,9,True,SF,1,SD,1,1,1,3,0,designatedhitter Glenn Jones,starter Neal Asiodu,"['Strike', 'Looking', 'Four-Seam Fastball']",,,,,,,,,,[],False,False,False,False,False,False,False,False,0,False,False,False,False,False,False,catcher Jared Harris,firstbase John Redmond,secondbase Stephen Smith,thirdbase Steve Delong,shortstop Karlos Smith,leftfield Logan Stephens,centerfield A.J. Oswalt,rightfield Tony Everett
207,9,True,SF,1,SD,1,2,1,3,0,designatedhitter Glenn Jones,starter Neal Asiodu,"['Ball', 'Looking', 'Sinker']",,,,,,,,,,[],False,False,False,False,False,False,False,False,0,False,False,False,False,False,False,catcher Jared Harris,firstbase John Redmond,secondbase Stephen Smith,thirdbase Steve Delong,shortstop Karlos Smith,leftfield Logan Stephens,centerfield A.J. Oswalt,rightfield Tony Everett
208,9,True,SF,1,SD,1,2,1,3,1,designatedhitter Glenn Jones,starter Neal Asiodu,"['solid', 'far right', 'Curveball']",,,,out,[],['Ball caught by rightfield Tony Everett'],,,,[],False,False,False,False,False,False,False,False,0,False,False,False,False,False,True,catcher Jared Harris,firstbase John Redmond,secondbase Stephen Smith,thirdbase Steve Delong,shortstop Karlos Smith,leftfield Logan Stephens,centerfield A.J. Oswalt,rightfield Tony Everett
209,9,False,SF,1,SD,1,1,0,0,0,firstbase John Redmond,starter Darrion Smith,"['Ball', 'Looking', 'Slurve']",,,,,,,,,,[],False,False,False,False,False,False,False,False,0,False,False,False,False,False,False,catcher John Benzschawel,firstbase Jerry Johnson,secondbase Delos Echols,thirdbase Teyo Miraldi,shortstop Bob Small,leftfield Benny Powell,centerfield Dave Eckert,rightfield Oil Can Vardell
210,9,False,SF,1,SD,1,1,0,0,1,firstbase John Redmond,starter Darrion Smith,"['burner', 'far left', 'Slurve']",,,,out,[],['Ball caught by thirdbase Teyo Miraldi'],,,,[],False,False,False,False,False,False,False,False,0,False,False,False,False,False,True,catcher John Benzschawel,firstbase Jerry Johnson,secondbase Delos Echols,thirdbase Teyo Miraldi,shortstop Bob Small,leftfield Benny Powell,centerfield Dave Eckert,rightfield Oil Can Vardell
211,9,False,SF,1,SD,1,1,0,1,0,centerfield A.J. Oswalt,starter Darrion Smith,"['Ball', 'Looking', 'Slurve']",,,,,,,,,,[],False,False,False,False,False,False,False,False,0,False,False,False,False,False,False,catcher John Benzschawel,firstbase Jerry Johnson,secondbase Delos Echols,thirdbase Teyo Miraldi,shortstop Bob Small,leftfield Benny Powell,centerfield Dave Eckert,rightfield Oil Can Vardell
212,9,False,SF,1,SD,1,1,0,1,1,centerfield A.J. Oswalt,starter Darrion Smith,"['barrel', 'dead center', 'Cutter']",,,,out,[],['Ball caught by centerfield Dave Eckert'],,,,[],False,False,False,False,False,False,False,False,0,False,False,False,False,False,True,catcher John Benzschawel,firstbase Jerry Johnson,secondbase Delos Echols,thirdbase Teyo Miraldi,shortstop Bob Small,leftfield Benny Powell,centerfield Dave Eckert,rightfield Oil Can Vardell
213,9,False,SF,1,SD,1,0,1,2,0,secondbase Stephen Smith,starter Darrion Smith,"['Strike', 'Looking', 'Slurve']",,,,,,,,,,[],False,False,False,False,False,False,False,False,0,False,False,False,False,False,False,catcher John Benzschawel,firstbase Jerry Johnson,secondbase Delos Echols,thirdbase Teyo Miraldi,shortstop Bob Small,leftfield Benny Powell,centerfield Dave Eckert,rightfield Oil Can Vardell
214,9,False,SF,2,SD,1,0,1,2,0,secondbase Stephen Smith,starter Darrion Smith,"['barrel', 'center left', 'Four-Seam Fastball']",,,,homerun,[],[],,,,[secondbase Stephen Smith],False,False,False,False,False,False,False,False,0,False,False,False,False,False,True,catcher John Benzschawel,firstbase Jerry Johnson,secondbase Delos Echols,thirdbase Teyo Miraldi,shortstop Bob Small,leftfield Benny Powell,centerfield Dave Eckert,rightfield Oil Can Vardell
215,9,False,SF,2,SD,1,1,0,2,0,thirdbase Steve Delong,starter Darrion Smith,"['Ball', 'Looking', 'Cutter']",,,,,,,,,,[],False,False,False,False,False,False,False,False,0,False,False,False,False,False,False,catcher John Benzschawel,firstbase Jerry Johnson,secondbase Delos Echols,thirdbase Teyo Miraldi,shortstop Bob Small,leftfield Benny Powell,centerfield Dave Eckert,rightfield Oil Can Vardell
216,9,False,SF,2,SD,1,1,0,2,1,thirdbase Steve Delong,starter Darrion Smith,"['flare', 'far right', 'Cutter']",,,,out,[],['Ball caught by firstbase Jerry Johnson'],,,,[],False,False,False,False,False,False,False,False,0,False,False,False,False,False,True,catcher John Benzschawel,firstbase Jerry Johnson,secondbase Delos Echols,thirdbase Teyo Miraldi,shortstop Bob Small,leftfield Benny Powell,centerfield Dave Eckert,rightfield Oil Can Vardell
217,9,False,SF,2,SD,1,0,1,3,0,designatedhitter John Williams,starter Darrion Smith,"['Strike', 'Foul', 'Slurve']",,,,,,,,,,[],False,False,False,False,False,False,False,False,0,False,False,False,False,False,False,catcher John Benzschawel,firstbase Jerry Johnson,secondbase Delos Echols,thirdbase Teyo Miraldi,shortstop Bob Small,leftfield Benny Powell,centerfield Dave Eckert,rightfield Oil Can Vardell
218,9,False,SF,2,SD,1,0,2,3,0,designatedhitter John Williams,starter Darrion Smith,"['Strike', 'Looking', 'Cutter']",,,,,,,,,,[],False,False,False,False,False,False,False,False,0,False,False,False,False,False,False,catcher John Benzschawel,firstbase Jerry Johnson,secondbase Delos Echols,thirdbase Teyo Miraldi,shortstop Bob Small,leftfield Benny Powell,centerfield Dave Eckert,rightfield Oil Can Vardell
219,9,False,SF,2,SD,1,1,2,3,0,designatedhitter John Williams,starter Darrion Smith,"['Ball', 'Looking', 'Slurve']",,,,,,,,,,[],False,False,False,False,False,False,False,False,0,False,False,False,False,False,False,catcher John Benzschawel,firstbase Jerry Johnson,secondbase Delos Echols,thirdbase Teyo Miraldi,shortstop Bob Small,leftfield Benny Powell,centerfield Dave Eckert,rightfield Oil Can Vardell
220,9,False,SF,2,SD,1,1,3,3,1,designatedhitter John Williams,starter Darrion Smith,"['Strike', 'Swinging', 'Change Up']",,,,strikeout,[],['starter Darrion Smith strikes out designatedhitter John Williams'],,,,[],False,True,False,False,False,False,False,False,0,False,False,False,False,False,True,catcher John Benzschawel,firstbase Jerry Johnson,secondbase Delos Echols,thirdbase Teyo Miraldi,shortstop Bob Small,leftfield Benny Powell,centerfield Dave Eckert,rightfield Oil Can Vardell
