ID,Inning,Inning Half,Home Team,Home Score,Away Team,Away Score,Ball Count,Strike Count,Out Count,Outs this Action,Current Home Pitcher,Current Away Pitcher,Current Home Batter,Current Away Batter,Outcomes,Batted Ball,Air or Ground,Targeted Defender,Defensive Outcome,On First,On Second,On Third,Home,Is_Walk,Is_Strikeout,Is_InPlay,Is_Hit,Is_HBP,Is_Pickoff,Is_StealAttempt,Is_StealSuccess,Error_Count,Is_Liveball,Is_Single,Is_Double,Is_Triple,Is_Homerun,AB_Over,GameDone,Batting Team,Current Pitcher,Catcher,First Base,Second Base,Third Base,Shortstop,Left Field,Center Field,Right Field,Skip_Bool,Baselines
0,1,True,SF,0,SD,0,0,0,0,0,starter Neal Asiodu,starter Darrion Smith,firstbase John Redmond,centerfield Dave Eckert,"['flare', 'far right', 'Curveball']",out,groundball,firstbase,out,None,None,None,[],False,False,False,False,False,False,False,False,0,False,False,False,False,False,True,False,centerfield Dave Eckert,starter Neal Asiodu,catcher Jared Harris,firstbase John Redmond,secondbase Stephen Smith,thirdbase Steve Delong,shortstop Karlos Smith,leftfield Logan Stephens,centerfield A.J. Oswalt,rightfield Tony Everett,False,mlb
1,1,True,SF,0,SD,0,1,0,0,0,starter Neal Asiodu,starter Darrion Smith,firstbase John Redmond,designatedhitter Glenn Jones,"['Ball', 'Looking', 'Change Up']",None,None,None,None,None,None,None,[],False,False,False,False,False,False,False,False,0,False,False,False,False,False,False,False,designatedhitter Glenn Jones,starter Neal Asiodu,catcher Jared Harris,firstbase John Redmond,secondbase Stephen Smith,thirdbase Steve Delong,shortstop Karlos Smith,leftfield Logan Stephens,centerfield A.J. Oswalt,rightfield Tony Everett,False,mlb
2,1,True,SF,0,SD,0,1,0,2,2,starter Neal Asiodu,starter Darrion Smith,firstbase John Redmond,designatedhitter Glenn Jones,"['flare', 'far left', 'Four-Seam Fastball']",out,groundball,thirdbase,out,None,None,None,[],False,False,False,False,False,False,False,False,0,False,False,False,False,False,True,False,designatedhitter Glenn Jones,starter Neal Asiodu,catcher Jared Harris,firstbase John Redmond,secondbase Stephen Smith,thirdbase Steve Delong,shortstop Karlos Smith,leftfield Logan Stephens,centerfield A.J. Oswalt,rightfield Tony Everett,False,mlb
3,1,True,SF,0,SD,0,1,0,2,0,starter Neal Asiodu,starter Darrion Smith,firstbase John Redmond,catcher John Benzschawel,"['Ball', 'Looking', 'Change Up']",None,None,None,None,None,None,None,[],False,False,False,False,False,False,False,False,0,False,False,False,False,False,False,False,catcher John Benzschawel,starter Neal Asiodu,catcher Jared Harris,firstbase John Redmond,secondbase Stephen Smith,thirdbase Steve Delong,shortstop Karlos Smith,leftfield Logan Stephens,centerfield A.J. Oswalt,rightfield Tony Everett,False,mlb
4,1,True,SF,0,SD,0,1,1,2,0,starter Neal Asiodu,starter Darrion Smith,firstbase John Redmond,catcher John Benzschawel,"['Strike', 'Swinging', 'Curveball']",None,None,None,None,None,None,None,[],False,False,False,False,False,False,False,False,0,False,False,False,False,False,False,False,catcher John Benzschawel,starter Neal Asiodu,catcher Jared Harris,firstbase John Redmond,secondbase Stephen Smith,thirdbase Steve Delong,shortstop Karlos Smith,leftfield Logan Stephens,centerfield A.J. Oswalt,rightfield Tony Everett,False,mlb
5,1,True,SF,0,SD,1,1,1,2,0,starter Neal Asiodu,starter Darrion Smith,firstbase John Redmond,catcher John Benzschawel,"['barrel', 'far right', 'Sinker']",homerun,None,None,homerun,None,None,None,[catcher John Benzschawel],False,False,False,False,False,False,False,False,0,False,False,False,False,True,True,False,catcher John Benzschawel,starter Neal Asiodu,catcher Jared Harris,firstbase John Redmond,secondbase Stephen Smith,thirdbase Steve Delong,shortstop Karlos Smith,leftfield Logan Stephens,centerfield A.J. Oswalt,rightfield Tony Everett,False,mlb
6,1,True,SF,0,SD,1,0,1,2,0,starter Neal Asiodu,starter Darrion Smith,firstbase John Redmond,secondbase Delos Echols,"['Strike', 'Foul', 'Curveball']",None,None,None,None,None,None,None,[],False,False,False,False,False,False,False,False,0,False,False,False,False,False,False,False,secondbase Delos Echols,starter Neal Asiodu,catcher Jared Harris,firstbase John Redmond,secondbase Stephen Smith,thirdbase Steve Delong,shortstop Karlos Smith,leftfield Logan Stephens,centerfield A.J. Oswalt,rightfield Tony Everett,False,mlb
7,1,True,SF,0,SD,1,0,2,2,0,starter Neal Asiodu,starter Darrion Smith,firstbase John Redmond,secondbase Delos Echols,"['Strike', 'Looking', 'Sinker']",None,None,None,None,None,None,None,[],False,False,False,False,False,False,False,False,0,False,False,False,False,False,False,False,secondbase Delos Echols,starter Neal Asiodu,catcher Jared Harris,firstbase John Redmond,secondbase Stephen Smith,thirdbase Steve Delong,shortstop Karlos Smith,leftfield Logan Stephens,centerfield A.J. Oswalt,rightfield Tony Everett,False,mlb
8,1,True,SF,0,SD,1,0,3,3,1,starter Neal Asiodu,starter Darrion Smith,firstbase John Redmond,secondbase Delos Echols,"['Strike', 'Swinging', 'Curveball']",None,None,None,None,None,None,None,[],False,True,False,False,False,False,False,False,0,False,False,False,False,False,True,False,secondbase Delos Echols,starter Neal Asiodu,catcher Jared Harris,firstbase John Redmond,secondbase Stephen Smith,thirdbase Steve Delong,shortstop Karlos Smith,leftfield Logan Stephens,centerfield A.J. Oswalt,rightfield Tony Everett,False,mlb
9,1,False,SF,0,SD,1,0,0,2,2,starter Neal Asiodu,starter Darrion Smith,firstbase John Redmond,leftfield Benny Powell,"['burner', 'center right', 'Cutter']",single,groundball,secondbase,single,firstbase John Redmond,None,None,[],False,False,False,False,False,False,False,False,0,False,True,False,False,False,True,False,firstbase John Redmond,starter Darrion Smith,catcher John Benzschawel,firstbase Jerry Johnson,secondbase Delos Echols,thirdbase Teyo Miraldi,shortstop Bob Small,leftfield Benny Powell,centerfield Dave Eckert,rightfield Oil Can Vardell,False,mlb
10,1,False,SF,0,SD,1,0,1,2,0,starter Neal Asiodu,starter Darrion Smith,centerfield A.J. Oswalt,leftfield Benny Powell,"['Strike', 'Foul', 'Cutter']",None,None,None,None,firstbase John Redmond,None,None,[],False,False,False,False,False,False,False,False,0,False,False,False,False,False,False,False,centerfield A.J. Oswalt,starter Darrion Smith,catcher John Benzschawel,firstbase Jerry Johnson,secondbase Delos Echols,thirdbase Teyo Miraldi,shortstop Bob Small,leftfield Benny Powell,centerfield Dave Eckert,rightfield Oil Can Vardell,False,mlb
11,1,False,SF,0,SD,1,1,1,2,0,starter Neal Asiodu,starter Darrion Smith,centerfield A.J. Oswalt,leftfield Benny Powell,"['Ball', 'Looking', 'Cutter']",None,None,None,None,firstbase John Redmond,None,None,[],False,False,False,False,False,False,False,False,0,False,False,False,False,False,False,False,centerfield A.J. Oswalt,starter Darrion Smith,catcher John Benzschawel,firstbase Jerry Johnson,secondbase Delos Echols,thirdbase Teyo Miraldi,shortstop Bob Small,leftfield Benny Powell,centerfield Dave Eckert,rightfield Oil Can Vardell,False,mlb
12,1,False,SF,0,SD,1,1,1,4,2,starter Neal Asiodu,starter Darrion Smith,centerfield A.J. Oswalt,leftfield Benny Powell,"['burner', 'dead center', 'Four-Seam Fastball']",out,groundball,shortstop,out,None,firstbase John Redmond,None,[],False,False,False,False,False,False,False,False,0,False,False,False,False,False,True,False,centerfield A.J. Oswalt,starter Darrion Smith,catcher John Benzschawel,firstbase Jerry Johnson,secondbase Delos Echols,thirdbase Teyo Miraldi,shortstop Bob Small,leftfield Benny Powell,centerfield Dave Eckert,rightfield Oil Can Vardell,False,mlb
13,2,True,SF,0,SD,1,0,0,1,1,starter Neal Asiodu,starter Darrion Smith,secondbase Stephen Smith,leftfield Benny Powell,"['flare', 'dead center', 'Sinker']",out,airball,centerfield,out,None,None,None,[],False,False,False,False,False,False,False,False,0,False,False,False,False,False,True,False,leftfield Benny Powell,starter Neal Asiodu,catcher Jared Harris,firstbase John Redmond,secondbase Stephen Smith,thirdbase Steve Delong,shortstop Karlos Smith,leftfield Logan Stephens,centerfield A.J. Oswalt,rightfield Tony Everett,False,mlb
14,2,True,SF,0,SD,1,0,0,3,2,starter Neal Asiodu,starter Darrion Smith,secondbase Stephen Smith,shortstop Bob Small,"['solid', 'center left', 'Four-Seam Fastball']",single,groundball,shortstop,single,shortstop Bob Small,None,None,[],False,False,False,False,False,False,False,False,0,False,True,False,False,False,True,False,shortstop Bob Small,starter Neal Asiodu,catcher Jared Harris,firstbase John Redmond,secondbase Stephen Smith,thirdbase Steve Delong,shortstop Karlos Smith,leftfield Logan Stephens,centerfield A.J. Oswalt,rightfield Tony Everett,False,mlb
15,2,False,SF,0,SD,1,1,0,0,0,starter Neal Asiodu,starter Darrion Smith,secondbase Stephen Smith,thirdbase Teyo Miraldi,"['Ball', 'Looking', 'Slurve']",None,None,None,None,None,None,None,[],False,False,False,False,False,False,False,False,0,False,False,False,False,False,False,False,secondbase Stephen Smith,starter Darrion Smith,catcher John Benzschawel,firstbase Jerry Johnson,secondbase Delos Echols,thirdbase Teyo Miraldi,shortstop Bob Small,leftfield Benny Powell,centerfield Dave Eckert,rightfield Oil Can Vardell,False,mlb
16,2,False,SF,0,SD,1,1,0,2,2,starter Neal Asiodu,starter Darrion Smith,secondbase Stephen Smith,thirdbase Teyo Miraldi,"['flare', 'center left', 'Cutter']",double,airball,centerfield,double,None,secondbase Stephen Smith,None,[],False,False,False,False,False,False,False,False,0,False,False,True,False,False,True,False,secondbase Stephen Smith,starter Darrion Smith,catcher John Benzschawel,firstbase Jerry Johnson,secondbase Delos Echols,thirdbase Teyo Miraldi,shortstop Bob Small,leftfield Benny Powell,centerfield Dave Eckert,rightfield Oil Can Vardell,False,mlb
17,2,False,SF,0,SD,1,0,1,2,0,starter Neal Asiodu,starter Darrion Smith,thirdbase Steve Delong,thirdbase Teyo Miraldi,"['Strike', 'Looking', 'Change Up']",None,None,None,None,None,secondbase Stephen Smith,None,[],False,False,False,False,False,False,False,False,0,False,False,False,False,False,False,False,thirdbase Steve Delong,starter Darrion Smith,catcher John Benzschawel,firstbase Jerry Johnson,secondbase Delos Echols,thirdbase Teyo Miraldi,shortstop Bob Small,leftfield Benny Powell,centerfield Dave Eckert,rightfield Oil Can Vardell,False,mlb
18,2,False,SF,0,SD,1,0,2,2,0,starter Neal Asiodu,starter Darrion Smith,thirdbase Steve Delong,thirdbase Teyo Miraldi,"['Strike', 'Looking', 'Cutter']",None,None,None,None,None,secondbase Stephen Smith,None,[],False,False,False,False,False,False,False,False,0,False,False,False,False,False,False,False,thirdbase Steve Delong,starter Darrion Smith,catcher John Benzschawel,firstbase Jerry Johnson,secondbase Delos Echols,thirdbase Teyo Miraldi,shortstop Bob Small,leftfield Benny Powell,centerfield Dave Eckert,rightfield Oil Can Vardell,False,mlb
19,2,False,SF,0,SD,1,1,2,2,0,starter Neal Asiodu,starter Darrion Smith,thirdbase Steve Delong,thirdbase Teyo Miraldi,"['Ball', 'Looking', 'Slurve']",None,None,None,None,None,secondbase Stephen Smith,None,[],False,False,False,False,False,False,False,False,0,False,False,False,False,False,False,False,thirdbase Steve Delong,starter Darrion Smith,catcher John Benzschawel,firstbase Jerry Johnson,secondbase Delos Echols,thirdbase Teyo Miraldi,shortstop Bob Small,leftfield Benny Powell,centerfield Dave Eckert,rightfield Oil Can Vardell,False,mlb
20,2,False,SF,0,SD,1,1,3,3,1,starter Neal Asiodu,starter Darrion Smith,thirdbase Steve Delong,thirdbase Teyo Miraldi,"['Strike', 'Looking', 'Slurve']",None,None,None,None,None,secondbase Stephen Smith,None,[],False,True,False,False,False,False,False,False,0,False,False,False,False,False,True,False,thirdbase Steve Delong,starter Darrion Smith,catcher John Benzschawel,firstbase Jerry Johnson,secondbase Delos Echols,thirdbase Teyo Miraldi,shortstop Bob Small,leftfield Benny Powell,centerfield Dave Eckert,rightfield Oil Can Vardell,False,mlb
21,3,True,SF,0,SD,1,0,0,2,2,starter Neal Asiodu,starter Darrion Smith,designatedhitter John Williams,thirdbase Teyo Miraldi,"['flare', 'right', 'Sinker']",out,groundball,secondbase,out,None,None,None,[],False,False,False,False,False,False,False,False,0,False,False,False,False,False,True,False,thirdbase Teyo Miraldi,starter Neal Asiodu,catcher Jared Harris,firstbase John Redmond,secondbase Stephen Smith,thirdbase Steve Delong,shortstop Karlos Smith,leftfield Logan Stephens,centerfield A.J. Oswalt,rightfield Tony Everett,False,mlb
22,3,True,SF,0,SD,2,0,0,2,0,starter Neal Asiodu,starter Darrion Smith,designatedhitter John Williams,rightfield Oil Can Vardell,"['barrel', 'far left', 'Sinker']",homerun,None,None,homerun,None,None,None,[rightfield Oil Can Vardell],False,False,False,False,False,False,False,False,0,False,False,False,False,True,True,False,rightfield Oil Can Vardell,starter Neal Asiodu,catcher Jared Harris,firstbase John Redmond,secondbase Stephen Smith,thirdbase Steve Delong,shortstop Karlos Smith,leftfield Logan Stephens,centerfield A.J. Oswalt,rightfield Tony Everett,False,mlb
23,3,True,SF,0,SD,2,1,0,2,0,starter Neal Asiodu,starter Darrion Smith,designatedhitter John Williams,firstbase Jerry Johnson,"['Ball', 'Looking', 'Sinker']",None,None,None,None,None,None,None,[],False,False,False,False,False,False,False,False,0,False,False,False,False,False,False,False,firstbase Jerry Johnson,starter Neal Asiodu,catcher Jared Harris,firstbase John Redmond,secondbase Stephen Smith,thirdbase Steve Delong,shortstop Karlos Smith,leftfield Logan Stephens,centerfield A.J. Oswalt,rightfield Tony Everett,False,mlb
24,3,True,SF,0,SD,3,1,0,2,0,starter Neal Asiodu,starter Darrion Smith,designatedhitter John Williams,firstbase Jerry Johnson,"['barrel', 'center right', 'Sinker']",homerun,None,None,homerun,None,None,None,[firstbase Jerry Johnson],False,False,False,False,False,False,False,False,0,False,False,False,False,True,True,False,firstbase Jerry Johnson,starter Neal Asiodu,catcher Jared Harris,firstbase John Redmond,secondbase Stephen Smith,thirdbase Steve Delong,shortstop Karlos Smith,leftfield Logan Stephens,centerfield A.J. Oswalt,rightfield Tony Everett,False,mlb
25,3,True,SF,0,SD,3,1,0,2,0,starter Neal Asiodu,starter Darrion Smith,designatedhitter John Williams,centerfield Dave Eckert,"['Ball', 'Looking', 'Curveball']",None,None,None,None,None,None,None,[],False,False,False,False,False,False,False,False,0,False,False,False,False,False,False,False,centerfield Dave Eckert,starter Neal Asiodu,catcher Jared Harris,firstbase John Redmond,secondbase Stephen Smith,thirdbase Steve Delong,shortstop Karlos Smith,leftfield Logan Stephens,centerfield A.J. Oswalt,rightfield Tony Everett,False,mlb
26,3,True,SF,0,SD,3,2,0,2,0,starter Neal Asiodu,starter Darrion Smith,designatedhitter John Williams,centerfield Dave Eckert,"['Ball', 'Looking', 'Four-Seam Fastball']",None,None,None,None,None,None,None,[],False,False,False,False,False,False,False,False,0,False,False,False,False,False,False,False,centerfield Dave Eckert,starter Neal Asiodu,catcher Jared Harris,firstbase John Redmond,secondbase Stephen Smith,thirdbase Steve Delong,shortstop Karlos Smith,leftfield Logan Stephens,centerfield A.J. Oswalt,rightfield Tony Everett,False,mlb
27,3,True,SF,0,SD,3,2,1,2,0,starter Neal Asiodu,starter Darrion Smith,designatedhitter John Williams,centerfield Dave Eckert,"['Strike', 'Looking', 'Sinker']",None,None,None,None,None,None,None,[],False,False,False,False,False,False,False,False,0,False,False,False,False,False,False,False,centerfield Dave Eckert,starter Neal Asiodu,catcher Jared Harris,firstbase John Redmond,secondbase Stephen Smith,thirdbase Steve Delong,shortstop Karlos Smith,leftfield Logan Stephens,centerfield A.J. Oswalt,rightfield Tony Everett,False,mlb
28,3,True,SF,0,SD,3,2,1,3,1,starter Neal Asiodu,starter Darrion Smith,designatedhitter John Williams,centerfield Dave Eckert,"['burner', 'center left', 'Sinker']",out,airball,shortstop,out,None,None,None,[],False,False,False,False,False,False,False,False,0,False,False,False,False,False,True,False,centerfield Dave Eckert,starter Neal Asiodu,catcher Jared Harris,firstbase John Redmond,secondbase Stephen Smith,thirdbase Steve Delong,shortstop Karlos Smith,leftfield Logan Stephens,centerfield A.J. Oswalt,rightfield Tony Everett,False,mlb
29,3,False,SF,0,SD,3,0,0,2,2,starter Neal Asiodu,starter Darrion Smith,designatedhitter John Williams,designatedhitter Glenn Jones,"['topped', 'center right', 'Slurve']",out,groundball,secondbase,out,None,None,None,[],False,False,False,False,False,False,False,False,0,False,False,False,False,False,True,False,designatedhitter John Williams,starter Darrion Smith,catcher John Benzschawel,firstbase Jerry Johnson,secondbase Delos Echols,thirdbase Teyo Miraldi,shortstop Bob Small,leftfield Benny Powell,centerfield Dave Eckert,rightfield Oil Can Vardell,False,mlb
30,3,False,SF,0,SD,3,1,0,2,0,starter Neal Asiodu,starter Darrion Smith,catcher Jared Harris,designatedhitter Glenn Jones,"['Ball', 'Looking', 'Cutter']",None,None,None,None,None,None,None,[],False,False,False,False,False,False,False,False,0,False,False,False,False,False,False,False,catcher Jared Harris,starter Darrion Smith,catcher John Benzschawel,firstbase Jerry Johnson,secondbase Delos Echols,thirdbase Teyo Miraldi,shortstop Bob Small,leftfield Benny Powell,centerfield Dave Eckert,rightfield Oil Can Vardell,False,mlb
31,3,False,SF,0,SD,3,1,0,3,1,starter Neal Asiodu,starter Darrion Smith,catcher Jared Harris,designatedhitter Glenn Jones,"['flare', 'right', 'Cutter']",out,airball,rightfield,out,None,None,None,[],False,False,False,False,False,False,False,False,0,False,False,False,False,False,True,False,catcher Jared Harris,starter Darrion Smith,catcher John Benzschawel,firstbase Jerry Johnson,secondbase Delos Echols,thirdbase Teyo Miraldi,shortstop Bob Small,leftfield Benny Powell,centerfield Dave Eckert,rightfield Oil Can Vardell,False,mlb
32,4,True,SF,0,SD,3,0,0,2,2,starter Neal Asiodu,starter Darrion Smith,rightfield Tony Everett,designatedhitter Glenn Jones,"['solid', 'center left', 'Sinker']",single,airball,shortstop,single,designatedhitter Glenn Jones,None,None,[],False,False,False,False,False,False,False,False,0,False,True,False,False,False,True,False,designatedhitter Glenn Jones,starter Neal Asiodu,catcher Jared Harris,firstbase John Redmond,secondbase Stephen Smith,thirdbase Steve Delong,shortstop Karlos Smith,leftfield Logan Stephens,centerfield A.J. Oswalt,rightfield Tony Everett,False,mlb
33,4,True,SF,0,SD,3,0,1,2,0,starter Neal Asiodu,starter Darrion Smith,rightfield Tony Everett,catcher John Benzschawel,"['Strike', 'Foul', 'Sinker']",None,None,None,None,designatedhitter Glenn Jones,None,None,[],False,False,False,False,False,False,False,False,0,False,False,False,False,False,False,False,catcher John Benzschawel,starter Neal Asiodu,catcher Jared Harris,firstbase John Redmond,secondbase Stephen Smith,thirdbase Steve Delong,shortstop Karlos Smith,leftfield Logan Stephens,centerfield A.J. Oswalt,rightfield Tony Everett,False,mlb
34,4,True,SF,0,SD,3,0,2,2,0,starter Neal Asiodu,starter Darrion Smith,rightfield Tony Everett,catcher John Benzschawel,"['Strike', 'Looking', 'Change Up']",None,None,None,None,designatedhitter Glenn Jones,None,None,[],False,False,False,False,False,False,False,False,0,False,False,False,False,False,False,False,catcher John Benzschawel,starter Neal Asiodu,catcher Jared Harris,firstbase John Redmond,secondbase Stephen Smith,thirdbase Steve Delong,shortstop Karlos Smith,leftfield Logan Stephens,centerfield A.J. Oswalt,rightfield Tony Everett,False,mlb
35,4,True,SF,0,SD,3,0,2,4,2,starter Neal Asiodu,starter Darrion Smith,rightfield Tony Everett,catcher John Benzschawel,"['solid', 'center right', 'Sinker']",out,airball,secondbase,out,None,None,None,[],False,False,False,False,False,False,False,False,0,False,False,False,False,False,True,False,catcher John Benzschawel,starter Neal Asiodu,catcher Jared Harris,firstbase John Redmond,secondbase Stephen Smith,thirdbase Steve Delong,shortstop Karlos Smith,leftfield Logan Stephens,centerfield A.J. Oswalt,rightfield Tony Everett,False,mlb
36,4,False,SF,0,SD,3,1,0,0,0,starter Neal Asiodu,starter Darrion Smith,rightfield Tony Everett,secondbase Delos Echols,"['Ball', 'Looking', 'Slurve']",None,None,None,None,None,None,None,[],False,False,False,False,False,False,False,False,0,False,False,False,False,False,False,False,rightfield Tony Everett,starter Darrion Smith,catcher John Benzschawel,firstbase Jerry Johnson,secondbase Delos Echols,thirdbase Teyo Miraldi,shortstop Bob Small,leftfield Benny Powell,centerfield Dave Eckert,rightfield Oil Can Vardell,False,mlb
37,4,False,SF,0,SD,3,2,0,0,0,starter Neal Asiodu,starter Darrion Smith,rightfield Tony Everett,secondbase Delos Echols,"['Ball', 'Looking', 'Cutter']",None,None,None,None,None,None,None,[],False,False,False,False,False,False,False,False,0,False,False,False,False,False,False,False,rightfield Tony Everett,starter Darrion Smith,catcher John Benzschawel,firstbase Jerry Johnson,secondbase Delos Echols,thirdbase Teyo Miraldi,shortstop Bob Small,leftfield Benny Powell,centerfield Dave Eckert,rightfield Oil Can Vardell,False,mlb
38,4,False,SF,0,SD,3,2,1,0,0,starter Neal Asiodu,starter Darrion Smith,rightfield Tony Everett,secondbase Delos Echols,"['Strike', 'Looking', 'Change Up']",None,None,None,None,None,None,None,[],False,False,False,False,False,False,False,False,0,False,False,False,False,False,False,False,rightfield Tony Everett,starter Darrion Smith,catcher John Benzschawel,firstbase Jerry Johnson,secondbase Delos Echols,thirdbase Teyo Miraldi,shortstop Bob Small,leftfield Benny Powell,centerfield Dave Eckert,rightfield Oil Can Vardell,False,mlb
39,4,False,SF,0,SD,3,2,2,0,0,starter Neal Asiodu,starter Darrion Smith,rightfield Tony Everett,secondbase Delos Echols,"['Strike', 'Looking', 'Slurve']",None,None,None,None,None,None,None,[],False,False,False,False,False,False,False,False,0,False,False,False,False,False,False,False,rightfield Tony Everett,starter Darrion Smith,catcher John Benzschawel,firstbase Jerry Johnson,secondbase Delos Echols,thirdbase Teyo Miraldi,shortstop Bob Small,leftfield Benny Powell,centerfield Dave Eckert,rightfield Oil Can Vardell,False,mlb
40,4,False,SF,0,SD,3,2,2,0,0,starter Neal Asiodu,starter Darrion Smith,rightfield Tony Everett,secondbase Delos Echols,"['Strike', 'Foul', 'Four-Seam Fastball']",None,None,None,None,None,None,None,[],False,False,False,False,False,False,False,False,0,False,False,False,False,False,False,False,rightfield Tony Everett,starter Darrion Smith,catcher John Benzschawel,firstbase Jerry Johnson,secondbase Delos Echols,thirdbase Teyo Miraldi,shortstop Bob Small,leftfield Benny Powell,centerfield Dave Eckert,rightfield Oil Can Vardell,False,mlb
41,4,False,SF,0,SD,3,2,2,0,0,starter Neal Asiodu,starter Darrion Smith,rightfield Tony Everett,secondbase Delos Echols,"['Strike', 'Foul', 'Cutter']",None,None,None,None,None,None,None,[],False,False,False,False,False,False,False,False,0,False,False,False,False,False,False,False,rightfield Tony Everett,starter Darrion Smith,catcher John Benzschawel,firstbase Jerry Johnson,secondbase Delos Echols,thirdbase Teyo Miraldi,shortstop Bob Small,leftfield Benny Powell,centerfield Dave Eckert,rightfield Oil Can Vardell,False,mlb
42,4,False,SF,0,SD,3,2,3,1,1,starter Neal Asiodu,starter Darrion Smith,rightfield Tony Everett,secondbase Delos Echols,"['Strike', 'Looking', 'Cutter']",None,None,None,None,None,None,None,[],False,True,False,False,False,False,False,False,0,False,False,False,False,False,True,False,rightfield Tony Everett,starter Darrion Smith,catcher John Benzschawel,firstbase Jerry Johnson,secondbase Delos Echols,thirdbase Teyo Miraldi,shortstop Bob Small,leftfield Benny Powell,centerfield Dave Eckert,rightfield Oil Can Vardell,False,mlb
43,4,False,SF,0,SD,3,1,0,1,0,starter Neal Asiodu,starter Darrion Smith,leftfield Logan Stephens,secondbase Delos Echols,"['Ball', 'Looking', 'Cutter']",None,None,None,None,None,None,None,[],False,False,False,False,False,False,False,False,0,False,False,False,False,False,False,False,leftfield Logan Stephens,starter Darrion Smith,catcher John Benzschawel,firstbase Jerry Johnson,secondbase Delos Echols,thirdbase Teyo Miraldi,shortstop Bob Small,leftfield Benny Powell,centerfield Dave Eckert,rightfield Oil Can Vardell,False,mlb
44,4,False,SF,0,SD,3,2,0,1,0,starter Neal Asiodu,starter Darrion Smith,leftfield Logan Stephens,secondbase Delos Echols,"['Ball', 'Looking', 'Cutter']",None,None,None,None,None,None,None,[],False,False,False,False,False,False,False,False,0,False,False,False,False,False,False,False,leftfield Logan Stephens,starter Darrion Smith,catcher John Benzschawel,firstbase Jerry Johnson,secondbase Delos Echols,thirdbase Teyo Miraldi,shortstop Bob Small,leftfield Benny Powell,centerfield Dave Eckert,rightfield Oil Can Vardell,False,mlb
45,4,False,SF,0,SD,3,2,0,1,0,starter Neal Asiodu,starter Darrion Smith,leftfield Logan Stephens,secondbase Delos Echols,"['solid', 'far left', 'Change Up']",single,airball,leftfield,['fielding error by firstbase Jerry Johnson'],None,leftfield Logan Stephens,None,[],False,False,False,False,False,False,False,False,1,False,True,False,False,False,True,False,leftfield Logan Stephens,starter Darrion Smith,catcher John Benzschawel,firstbase Jerry Johnson,secondbase Delos Echols,thirdbase Teyo Miraldi,shortstop Bob Small,leftfield Benny Powell,centerfield Dave Eckert,rightfield Oil Can Vardell,False,mlb
46,4,False,SF,0,SD,3,0,1,1,0,starter Neal Asiodu,starter Darrion Smith,shortstop Karlos Smith,secondbase Delos Echols,"['Strike', 'Looking', 'Change Up']",None,None,None,None,None,leftfield Logan Stephens,None,[],False,False,False,False,False,False,False,False,0,False,False,False,False,False,False,False,shortstop Karlos Smith,starter Darrion Smith,catcher John Benzschawel,firstbase Jerry Johnson,secondbase Delos Echols,thirdbase Teyo Miraldi,shortstop Bob Small,leftfield Benny Powell,centerfield Dave Eckert,rightfield Oil Can Vardell,False,mlb
47,4,False,SF,0,SD,3,0,2,1,0,starter Neal Asiodu,starter Darrion Smith,shortstop Karlos Smith,secondbase Delos Echols,"['Strike', 'Swinging', 'Slurve']",None,None,None,None,None,leftfield Logan Stephens,None,[],False,False,False,False,False,False,False,False,0,False,False,False,False,False,False,False,shortstop Karlos Smith,starter Darrion Smith,catcher John Benzschawel,firstbase Jerry Johnson,secondbase Delos Echols,thirdbase Teyo Miraldi,shortstop Bob Small,leftfield Benny Powell,centerfield Dave Eckert,rightfield Oil Can Vardell,False,mlb
48,4,False,SF,0,SD,3,0,2,1,0,starter Neal Asiodu,starter Darrion Smith,shortstop Karlos Smith,secondbase Delos Echols,"['Strike', 'Foul', 'Slurve']",None,None,None,None,None,leftfield Logan Stephens,None,[],False,False,False,False,False,False,False,False,0,False,False,False,False,False,False,False,shortstop Karlos Smith,starter Darrion Smith,catcher John Benzschawel,firstbase Jerry Johnson,secondbase Delos Echols,thirdbase Teyo Miraldi,shortstop Bob Small,leftfield Benny Powell,centerfield Dave Eckert,rightfield Oil Can Vardell,False,mlb
49,4,False,SF,0,SD,3,0,2,2,1,starter Neal Asiodu,starter Darrion Smith,shortstop Karlos Smith,secondbase Delos Echols,"['flare', 'dead center', 'Four-Seam Fastball']",out,airball,centerfield,out,None,None,None,[],False,False,False,False,False,False,False,False,0,False,False,False,False,False,True,False,shortstop Karlos Smith,starter Darrion Smith,catcher John Benzschawel,firstbase Jerry Johnson,secondbase Delos Echols,thirdbase Teyo Miraldi,shortstop Bob Small,leftfield Benny Powell,centerfield Dave Eckert,rightfield Oil Can Vardell,False,mlb
50,4,False,SF,0,SD,3,1,0,2,0,starter Neal Asiodu,starter Darrion Smith,firstbase John Redmond,secondbase Delos Echols,"['Ball', 'Looking', 'Cutter']",None,None,None,None,None,None,None,[],False,False,False,False,False,False,False,False,0,False,False,False,False,False,False,False,firstbase John Redmond,starter Darrion Smith,catcher John Benzschawel,firstbase Jerry Johnson,secondbase Delos Echols,thirdbase Teyo Miraldi,shortstop Bob Small,leftfield Benny Powell,centerfield Dave Eckert,rightfield Oil Can Vardell,False,mlb
51,4,False,SF,0,SD,3,1,1,2,0,starter Neal Asiodu,starter Darrion Smith,firstbase John Redmond,secondbase Delos Echols,"['Strike', 'Foul', 'Change Up']",None,None,None,None,None,None,None,[],False,False,False,False,False,False,False,False,0,False,False,False,False,False,False,False,firstbase John Redmond,starter Darrion Smith,catcher John Benzschawel,firstbase Jerry Johnson,secondbase Delos Echols,thirdbase Teyo Miraldi,shortstop Bob Small,leftfield Benny Powell,centerfield Dave Eckert,rightfield Oil Can Vardell,False,mlb
52,4,False,SF,0,SD,3,2,1,2,0,starter Neal Asiodu,starter Darrion Smith,firstbase John Redmond,secondbase Delos Echols,"['Ball', 'Looking', 'Slurve']",None,None,None,None,None,None,None,[],False,False,False,False,False,False,False,False,0,False,False,False,False,False,False,False,firstbase John Redmond,starter Darrion Smith,catcher John Benzschawel,firstbase Jerry Johnson,secondbase Delos Echols,thirdbase Teyo Miraldi,shortstop Bob Small,leftfield Benny Powell,centerfield Dave Eckert,rightfield Oil Can Vardell,False,mlb
53,4,False,SF,0,SD,3,3,1,2,0,starter Neal Asiodu,starter Darrion Smith,firstbase John Redmond,secondbase Delos Echols,"['Ball', 'Looking', 'Slurve']",None,None,None,None,None,None,None,[],False,False,False,False,False,False,False,False,0,False,False,False,False,False,False,False,firstbase John Redmond,starter Darrion Smith,catcher John Benzschawel,firstbase Jerry Johnson,secondbase Delos Echols,thirdbase Teyo Miraldi,shortstop Bob Small,leftfield Benny Powell,centerfield Dave Eckert,rightfield Oil Can Vardell,False,mlb
54,4,False,SF,0,SD,3,4,1,2,0,starter Neal Asiodu,starter Darrion Smith,firstbase John Redmond,secondbase Delos Echols,"['Ball', 'Looking', 'Cutter']",None,None,None,None,firstbase John Redmond,None,None,[],True,False,False,False,False,False,False,False,0,False,False,False,False,False,True,False,firstbase John Redmond,starter Darrion Smith,catcher John Benzschawel,firstbase Jerry Johnson,secondbase Delos Echols,thirdbase Teyo Miraldi,shortstop Bob Small,leftfield Benny Powell,centerfield Dave Eckert,rightfield Oil Can Vardell,False,mlb
55,4,False,SF,0,SD,3,0,1,2,0,starter Neal Asiodu,starter Darrion Smith,centerfield A.J. Oswalt,secondbase Delos Echols,"['Strike', 'Foul', 'Slurve']",None,None,None,None,firstbase John Redmond,None,None,[],False,False,False,False,False,False,False,False,0,False,False,False,False,False,False,False,centerfield A.J. Oswalt,starter Darrion Smith,catcher John Benzschawel,firstbase Jerry Johnson,secondbase Delos Echols,thirdbase Teyo Miraldi,shortstop Bob Small,leftfield Benny Powell,centerfield Dave Eckert,rightfield Oil Can Vardell,False,mlb
56,4,False,SF,0,SD,3,1,1,2,0,starter Neal Asiodu,starter Darrion Smith,centerfield A.J. Oswalt,secondbase Delos Echols,"['Ball', 'Looking', 'Slurve']",None,None,None,None,firstbase John Redmond,None,None,[],False,False,False,False,False,False,False,False,0,False,False,False,False,False,False,False,centerfield A.J. Oswalt,starter Darrion Smith,catcher John Benzschawel,firstbase Jerry Johnson,secondbase Delos Echols,thirdbase Teyo Miraldi,shortstop Bob Small,leftfield Benny Powell,centerfield Dave Eckert,rightfield Oil Can Vardell,False,mlb
57,4,False,SF,0,SD,3,1,2,2,0,starter Neal Asiodu,starter Darrion Smith,centerfield A.J. Oswalt,secondbase Delos Echols,"['Strike', 'Foul', 'Cutter']",None,None,None,None,firstbase John Redmond,None,None,[],False,False,False,False,False,False,False,False,0,False,False,False,False,False,False,False,centerfield A.J. Oswalt,starter Darrion Smith,catcher John Benzschawel,firstbase Jerry Johnson,secondbase Delos Echols,thirdbase Teyo Miraldi,shortstop Bob Small,leftfield Benny Powell,centerfield Dave Eckert,rightfield Oil Can Vardell,False,mlb
58,4,False,SF,0,SD,3,2,2,2,0,starter Neal Asiodu,starter Darrion Smith,centerfield A.J. Oswalt,secondbase Delos Echols,"['Ball', 'Looking', 'Cutter']",None,None,None,None,firstbase John Redmond,None,None,[],False,False,False,False,False,False,False,False,0,False,False,False,False,False,False,False,centerfield A.J. Oswalt,starter Darrion Smith,catcher John Benzschawel,firstbase Jerry Johnson,secondbase Delos Echols,thirdbase Teyo Miraldi,shortstop Bob Small,leftfield Benny Powell,centerfield Dave Eckert,rightfield Oil Can Vardell,False,mlb
59,4,False,SF,0,SD,3,3,2,2,0,starter Neal Asiodu,starter Darrion Smith,centerfield A.J. Oswalt,secondbase Delos Echols,"['Ball', 'Looking', 'Cutter']",None,None,None,None,firstbase John Redmond,None,None,[],False,False,False,False,False,False,False,False,0,False,False,False,False,False,False,False,centerfield A.J. Oswalt,starter Darrion Smith,catcher John Benzschawel,firstbase Jerry Johnson,secondbase Delos Echols,thirdbase Teyo Miraldi,shortstop Bob Small,leftfield Benny Powell,centerfield Dave Eckert,rightfield Oil Can Vardell,False,mlb
60,4,False,SF,0,SD,3,4,2,2,0,starter Neal Asiodu,starter Darrion Smith,centerfield A.J. Oswalt,secondbase Delos Echols,"['Ball', 'Looking', 'Slurve']",None,None,None,None,centerfield A.J. Oswalt,firstbase John Redmond,None,[],True,False,False,False,False,False,False,False,0,False,False,False,False,False,True,False,centerfield A.J. Oswalt,starter Darrion Smith,catcher John Benzschawel,firstbase Jerry Johnson,secondbase Delos Echols,thirdbase Teyo Miraldi,shortstop Bob Small,leftfield Benny Powell,centerfield Dave Eckert,rightfield Oil Can Vardell,False,mlb
61,4,False,SF,0,SD,3,1,0,2,0,starter Neal Asiodu,starter Darrion Smith,secondbase Stephen Smith,secondbase Delos Echols,"['Ball', 'Looking', 'Cutter']",None,None,None,None,centerfield A.J. Oswalt,firstbase John Redmond,None,[],False,False,False,False,False,False,False,False,0,False,False,False,False,False,False,False,secondbase Stephen Smith,starter Darrion Smith,catcher John Benzschawel,firstbase Jerry Johnson,secondbase Delos Echols,thirdbase Teyo Miraldi,shortstop Bob Small,leftfield Benny Powell,centerfield Dave Eckert,rightfield Oil Can Vardell,False,mlb
62,4,False,SF,0,SD,3,1,1,2,0,starter Neal Asiodu,starter Darrion Smith,secondbase Stephen Smith,secondbase Delos Echols,"['Strike', 'Swinging', 'Slurve']",None,None,None,None,centerfield A.J. Oswalt,firstbase John Redmond,None,[],False,False,False,False,False,False,False,False,0,False,False,False,False,False,False,False,secondbase Stephen Smith,starter Darrion Smith,catcher John Benzschawel,firstbase Jerry Johnson,secondbase Delos Echols,thirdbase Teyo Miraldi,shortstop Bob Small,leftfield Benny Powell,centerfield Dave Eckert,rightfield Oil Can Vardell,False,mlb
63,4,False,SF,0,SD,3,1,1,4,2,starter Neal Asiodu,starter Darrion Smith,secondbase Stephen Smith,secondbase Delos Echols,"['burner', 'center right', 'Slurve']",single,groundball,secondbase,single,secondbase Stephen Smith,centerfield A.J. Oswalt,firstbase John Redmond,[],False,False,False,False,False,False,False,False,0,False,True,False,False,False,True,False,secondbase Stephen Smith,starter Darrion Smith,catcher John Benzschawel,firstbase Jerry Johnson,secondbase Delos Echols,thirdbase Teyo Miraldi,shortstop Bob Small,leftfield Benny Powell,centerfield Dave Eckert,rightfield Oil Can Vardell,False,mlb
64,5,True,SF,0,SD,3,0,0,1,1,starter Neal Asiodu,starter Darrion Smith,thirdbase Steve Delong,secondbase Delos Echols,"['barrel', 'far right', 'Sinker']",out,airball,rightfield,out,None,None,None,[],False,False,False,False,False,False,False,False,0,False,False,False,False,False,True,False,secondbase Delos Echols,starter Neal Asiodu,catcher Jared Harris,firstbase John Redmond,secondbase Stephen Smith,thirdbase Steve Delong,shortstop Karlos Smith,leftfield Logan Stephens,centerfield A.J. Oswalt,rightfield Tony Everett,False,mlb
65,5,True,SF,0,SD,3,0,0,2,1,starter Neal Asiodu,starter Darrion Smith,thirdbase Steve Delong,leftfield Benny Powell,"['solid', 'center left', 'Change Up']",out,airball,centerfield,out,None,None,None,[],False,False,False,False,False,False,False,False,0,False,False,False,False,False,True,False,leftfield Benny Powell,starter Neal Asiodu,catcher Jared Harris,firstbase John Redmond,secondbase Stephen Smith,thirdbase Steve Delong,shortstop Karlos Smith,leftfield Logan Stephens,centerfield A.J. Oswalt,rightfield Tony Everett,False,mlb
66,5,True,SF,0,SD,3,0,0,3,1,starter Neal Asiodu,starter Darrion Smith,thirdbase Steve Delong,shortstop Bob Small,"['flare', 'center right', 'Change Up']",out,airball,centerfield,out,None,None,None,[],False,False,False,False,False,False,False,False,0,False,False,False,False,False,True,False,shortstop Bob Small,starter Neal Asiodu,catcher Jared Harris,firstbase John Redmond,secondbase Stephen Smith,thirdbase Steve Delong,shortstop Karlos Smith,leftfield Logan Stephens,centerfield A.J. Oswalt,rightfield Tony Everett,False,mlb
67,5,False,SF,0,SD,3,1,0,0,0,starter Neal Asiodu,starter Darrion Smith,thirdbase Steve Delong,thirdbase Teyo Miraldi,"['Ball', 'Looking', 'Cutter']",None,None,None,None,None,None,None,[],False,False,False,False,False,False,False,False,0,False,False,False,False,False,False,False,thirdbase Steve Delong,starter Darrion Smith,catcher John Benzschawel,firstbase Jerry Johnson,secondbase Delos Echols,thirdbase Teyo Miraldi,shortstop Bob Small,leftfield Benny Powell,centerfield Dave Eckert,rightfield Oil Can Vardell,False,mlb
68,5,False,SF,0,SD,3,1,0,1,1,starter Neal Asiodu,starter Darrion Smith,thirdbase Steve Delong,thirdbase Teyo Miraldi,"['flare', 'far right', 'Change Up']",out,airball,firstbase,out,None,None,None,[],False,False,False,False,False,False,False,False,0,False,False,False,False,False,True,False,thirdbase Steve Delong,starter Darrion Smith,catcher John Benzschawel,firstbase Jerry Johnson,secondbase Delos Echols,thirdbase Teyo Miraldi,shortstop Bob Small,leftfield Benny Powell,centerfield Dave Eckert,rightfield Oil Can Vardell,False,mlb
69,5,False,SF,0,SD,3,0,1,1,0,starter Neal Asiodu,starter Darrion Smith,designatedhitter John Williams,thirdbase Teyo Miraldi,"['Strike', 'Foul', 'Slurve']",None,None,None,None,None,None,None,[],False,False,False,False,False,False,False,False,0,False,False,False,False,False,False,False,designatedhitter John Williams,starter Darrion Smith,catcher John Benzschawel,firstbase Jerry Johnson,secondbase Delos Echols,thirdbase Teyo Miraldi,shortstop Bob Small,leftfield Benny Powell,centerfield Dave Eckert,rightfield Oil Can Vardell,False,mlb
70,5,False,SF,0,SD,3,0,2,1,0,starter Neal Asiodu,starter Darrion Smith,designatedhitter John Williams,thirdbase Teyo Miraldi,"['Strike', 'Looking', 'Cutter']",None,None,None,None,None,None,None,[],False,False,False,False,False,False,False,False,0,False,False,False,False,False,False,False,designatedhitter John Williams,starter Darrion Smith,catcher John Benzschawel,firstbase Jerry Johnson,secondbase Delos Echols,thirdbase Teyo Miraldi,shortstop Bob Small,leftfield Benny Powell,centerfield Dave Eckert,rightfield Oil Can Vardell,False,mlb
71,5,False,SF,0,SD,3,1,2,1,0,starter Neal Asiodu,starter Darrion Smith,designatedhitter John Williams,thirdbase Teyo Miraldi,"['Ball', 'Looking', 'Cutter']",None,None,None,None,None,None,None,[],False,False,False,False,False,False,False,False,0,False,False,False,False,False,False,False,designatedhitter John Williams,starter Darrion Smith,catcher John Benzschawel,firstbase Jerry Johnson,secondbase Delos Echols,thirdbase Teyo Miraldi,shortstop Bob Small,leftfield Benny Powell,centerfield Dave Eckert,rightfield Oil Can Vardell,False,mlb
72,5,False,SF,0,SD,3,1,3,2,1,starter Neal Asiodu,starter Darrion Smith,designatedhitter John Williams,thirdbase Teyo Miraldi,"['Strike', 'Swinging', 'Cutter']",None,None,None,None,None,None,None,[],False,True,False,False,False,False,False,False,0,False,False,False,False,False,True,False,designatedhitter John Williams,starter Darrion Smith,catcher John Benzschawel,firstbase Jerry Johnson,secondbase Delos Echols,thirdbase Teyo Miraldi,shortstop Bob Small,leftfield Benny Powell,centerfield Dave Eckert,rightfield Oil Can Vardell,False,mlb
73,5,False,SF,1,SD,3,0,0,2,0,starter Neal Asiodu,starter Darrion Smith,catcher Jared Harris,thirdbase Teyo Miraldi,"['barrel', 'far left', 'Cutter']",homerun,None,None,homerun,None,None,None,[catcher Jared Harris],False,False,False,False,False,False,False,False,0,False,False,False,False,True,True,False,catcher Jared Harris,starter Darrion Smith,catcher John Benzschawel,firstbase Jerry Johnson,secondbase Delos Echols,thirdbase Teyo Miraldi,shortstop Bob Small,leftfield Benny Powell,centerfield Dave Eckert,rightfield Oil Can Vardell,False,mlb
74,5,False,SF,1,SD,3,1,0,2,0,starter Neal Asiodu,starter Darrion Smith,rightfield Tony Everett,thirdbase Teyo Miraldi,"['Ball', 'Looking', 'Change Up']",None,None,None,None,None,None,None,[],False,False,False,False,False,False,False,False,0,False,False,False,False,False,False,False,rightfield Tony Everett,starter Darrion Smith,catcher John Benzschawel,firstbase Jerry Johnson,secondbase Delos Echols,thirdbase Teyo Miraldi,shortstop Bob Small,leftfield Benny Powell,centerfield Dave Eckert,rightfield Oil Can Vardell,False,mlb
75,5,False,SF,1,SD,3,2,0,2,0,starter Neal Asiodu,starter Darrion Smith,rightfield Tony Everett,thirdbase Teyo Miraldi,"['Ball', 'Looking', 'Slurve']",None,None,None,None,None,None,None,[],False,False,False,False,False,False,False,False,0,False,False,False,False,False,False,False,rightfield Tony Everett,starter Darrion Smith,catcher John Benzschawel,firstbase Jerry Johnson,secondbase Delos Echols,thirdbase Teyo Miraldi,shortstop Bob Small,leftfield Benny Powell,centerfield Dave Eckert,rightfield Oil Can Vardell,False,mlb
76,5,False,SF,1,SD,3,3,0,2,0,starter Neal Asiodu,starter Darrion Smith,rightfield Tony Everett,thirdbase Teyo Miraldi,"['Ball', 'Looking', 'Cutter']",None,None,None,None,None,None,None,[],False,False,False,False,False,False,False,False,0,False,False,False,False,False,False,False,rightfield Tony Everett,starter Darrion Smith,catcher John Benzschawel,firstbase Jerry Johnson,secondbase Delos Echols,thirdbase Teyo Miraldi,shortstop Bob Small,leftfield Benny Powell,centerfield Dave Eckert,rightfield Oil Can Vardell,False,mlb
77,5,False,SF,1,SD,3,3,1,2,0,starter Neal Asiodu,starter Darrion Smith,rightfield Tony Everett,thirdbase Teyo Miraldi,"['Strike', 'Swinging', 'Four-Seam Fastball']",None,None,None,None,None,None,None,[],False,False,False,False,False,False,False,False,0,False,False,False,False,False,False,False,rightfield Tony Everett,starter Darrion Smith,catcher John Benzschawel,firstbase Jerry Johnson,secondbase Delos Echols,thirdbase Teyo Miraldi,shortstop Bob Small,leftfield Benny Powell,centerfield Dave Eckert,rightfield Oil Can Vardell,False,mlb
78,5,False,SF,1,SD,3,3,1,4,2,starter Neal Asiodu,starter Darrion Smith,rightfield Tony Everett,thirdbase Teyo Miraldi,"['solid', 'center right', 'Change Up']",single,airball,centerfield,single,rightfield Tony Everett,None,None,[],False,False,False,False,False,False,False,False,0,False,True,False,False,False,True,False,rightfield Tony Everett,starter Darrion Smith,catcher John Benzschawel,firstbase Jerry Johnson,secondbase Delos Echols,thirdbase Teyo Miraldi,shortstop Bob Small,leftfield Benny Powell,centerfield Dave Eckert,rightfield Oil Can Vardell,False,mlb
79,6,True,SF,1,SD,3,1,0,0,0,starter Neal Asiodu,starter Darrion Smith,leftfield Logan Stephens,thirdbase Teyo Miraldi,"['Ball', 'Looking', 'Change Up']",None,None,None,None,None,None,None,[],False,False,False,False,False,False,False,False,0,False,False,False,False,False,False,False,thirdbase Teyo Miraldi,starter Neal Asiodu,catcher Jared Harris,firstbase John Redmond,secondbase Stephen Smith,thirdbase Steve Delong,shortstop Karlos Smith,leftfield Logan Stephens,centerfield A.J. Oswalt,rightfield Tony Everett,False,mlb
80,6,True,SF,1,SD,3,1,0,1,1,starter Neal Asiodu,starter Darrion Smith,leftfield Logan Stephens,thirdbase Teyo Miraldi,"['barrel', 'far left', 'Sinker']",out,airball,leftfield,out,None,None,None,[],False,False,False,False,False,False,False,False,0,False,False,False,False,False,True,False,thirdbase Teyo Miraldi,starter Neal Asiodu,catcher Jared Harris,firstbase John Redmond,secondbase Stephen Smith,thirdbase Steve Delong,shortstop Karlos Smith,leftfield Logan Stephens,centerfield A.J. Oswalt,rightfield Tony Everett,False,mlb
81,6,True,SF,1,SD,3,0,0,2,1,starter Neal Asiodu,starter Darrion Smith,leftfield Logan Stephens,rightfield Oil Can Vardell,"['barrel', 'far right', 'Change Up']",out,airball,rightfield,out,None,None,None,[],False,False,False,False,False,False,False,False,0,False,False,False,False,False,True,False,rightfield Oil Can Vardell,starter Neal Asiodu,catcher Jared Harris,firstbase John Redmond,secondbase Stephen Smith,thirdbase Steve Delong,shortstop Karlos Smith,leftfield Logan Stephens,centerfield A.J. Oswalt,rightfield Tony Everett,False,mlb
82,6,True,SF,1,SD,3,0,1,2,0,starter Neal Asiodu,starter Darrion Smith,leftfield Logan Stephens,firstbase Jerry Johnson,"['Strike', 'Looking', 'Change Up']",None,None,None,None,None,None,None,[],False,False,False,False,False,False,False,False,0,False,False,False,False,False,False,False,firstbase Jerry Johnson,starter Neal Asiodu,catcher Jared Harris,firstbase John Redmond,secondbase Stephen Smith,thirdbase Steve Delong,shortstop Karlos Smith,leftfield Logan Stephens,centerfield A.J. Oswalt,rightfield Tony Everett,False,mlb
83,6,True,SF,1,SD,3,1,1,2,0,starter Neal Asiodu,starter Darrion Smith,leftfield Logan Stephens,firstbase Jerry Johnson,"['Ball', 'Looking', 'Sinker']",None,None,None,None,None,None,None,[],False,False,False,False,False,False,False,False,0,False,False,False,False,False,False,False,firstbase Jerry Johnson,starter Neal Asiodu,catcher Jared Harris,firstbase John Redmond,secondbase Stephen Smith,thirdbase Steve Delong,shortstop Karlos Smith,leftfield Logan Stephens,centerfield A.J. Oswalt,rightfield Tony Everett,False,mlb
84,6,True,SF,1,SD,3,2,1,2,0,starter Neal Asiodu,starter Darrion Smith,leftfield Logan Stephens,firstbase Jerry Johnson,"['Ball', 'Looking', 'Curveball']",None,None,None,None,None,None,None,[],False,False,False,False,False,False,False,False,0,False,False,False,False,False,False,False,firstbase Jerry Johnson,starter Neal Asiodu,catcher Jared Harris,firstbase John Redmond,secondbase Stephen Smith,thirdbase Steve Delong,shortstop Karlos Smith,leftfield Logan Stephens,centerfield A.J. Oswalt,rightfield Tony Everett,False,mlb
85,6,True,SF,1,SD,3,3,1,2,0,starter Neal Asiodu,starter Darrion Smith,leftfield Logan Stephens,firstbase Jerry Johnson,"['Ball', 'Looking', 'Curveball']",None,None,None,None,None,None,None,[],False,False,False,False,False,False,False,False,0,False,False,False,False,False,False,False,firstbase Jerry Johnson,starter Neal Asiodu,catcher Jared Harris,firstbase John Redmond,secondbase Stephen Smith,thirdbase Steve Delong,shortstop Karlos Smith,leftfield Logan Stephens,centerfield A.J. Oswalt,rightfield Tony Everett,False,mlb
86,6,True,SF,1,SD,3,3,2,2,0,starter Neal Asiodu,starter Darrion Smith,leftfield Logan Stephens,firstbase Jerry Johnson,"['Strike', 'Looking', 'Four-Seam Fastball']",None,None,None,None,None,None,None,[],False,False,False,False,False,False,False,False,0,False,False,False,False,False,False,False,firstbase Jerry Johnson,starter Neal Asiodu,catcher Jared Harris,firstbase John Redmond,secondbase Stephen Smith,thirdbase Steve Delong,shortstop Karlos Smith,leftfield Logan Stephens,centerfield A.J. Oswalt,rightfield Tony Everett,False,mlb
87,6,True,SF,1,SD,3,3,2,2,0,starter Neal Asiodu,starter Darrion Smith,leftfield Logan Stephens,firstbase Jerry Johnson,"['flare', 'far right', 'Curveball']",single,groundball,firstbase,single,firstbase Jerry Johnson,None,None,[],False,False,False,False,False,False,False,False,0,False,True,False,False,False,True,False,firstbase Jerry Johnson,starter Neal Asiodu,catcher Jared Harris,firstbase John Redmond,secondbase Stephen Smith,thirdbase Steve Delong,shortstop Karlos Smith,leftfield Logan Stephens,centerfield A.J. Oswalt,rightfield Tony Everett,False,mlb
88,6,True,SF,1,SD,3,0,0,4,2,starter Neal Asiodu,starter Darrion Smith,leftfield Logan Stephens,centerfield Dave Eckert,"['burner', 'far left', 'Sinker']",single,groundball,thirdbase,single,centerfield Dave Eckert,firstbase Jerry Johnson,None,[],False,False,False,False,False,False,False,False,0,False,True,False,False,False,True,False,centerfield Dave Eckert,starter Neal Asiodu,catcher Jared Harris,firstbase John Redmond,secondbase Stephen Smith,thirdbase Steve Delong,shortstop Karlos Smith,leftfield Logan Stephens,centerfield A.J. Oswalt,rightfield Tony Everett,False,mlb
89,6,False,SF,1,SD,3,0,1,0,0,starter Neal Asiodu,starter Darrion Smith,leftfield Logan Stephens,designatedhitter Glenn Jones,"['Strike', 'Foul', 'Four-Seam Fastball']",None,None,None,None,None,None,None,[],False,False,False,False,False,False,False,False,0,False,False,False,False,False,False,False,leftfield Logan Stephens,starter Darrion Smith,catcher John Benzschawel,firstbase Jerry Johnson,secondbase Delos Echols,thirdbase Teyo Miraldi,shortstop Bob Small,leftfield Benny Powell,centerfield Dave Eckert,rightfield Oil Can Vardell,False,mlb
90,6,False,SF,1,SD,3,1,1,0,0,starter Neal Asiodu,starter Darrion Smith,leftfield Logan Stephens,designatedhitter Glenn Jones,"['Ball', 'Looking', 'Cutter']",None,None,None,None,None,None,None,[],False,False,False,False,False,False,False,False,0,False,False,False,False,False,False,False,leftfield Logan Stephens,starter Darrion Smith,catcher John Benzschawel,firstbase Jerry Johnson,secondbase Delos Echols,thirdbase Teyo Miraldi,shortstop Bob Small,leftfield Benny Powell,centerfield Dave Eckert,rightfield Oil Can Vardell,False,mlb
91,6,False,SF,1,SD,3,1,2,0,0,starter Neal Asiodu,starter Darrion Smith,leftfield Logan Stephens,designatedhitter Glenn Jones,"['Strike', 'Swinging', 'Slurve']",None,None,None,None,None,None,None,[],False,False,False,False,False,False,False,False,0,False,False,False,False,False,False,False,leftfield Logan Stephens,starter Darrion Smith,catcher John Benzschawel,firstbase Jerry Johnson,secondbase Delos Echols,thirdbase Teyo Miraldi,shortstop Bob Small,leftfield Benny Powell,centerfield Dave Eckert,rightfield Oil Can Vardell,False,mlb
92,6,False,SF,1,SD,3,1,3,1,1,starter Neal Asiodu,starter Darrion Smith,leftfield Logan Stephens,designatedhitter Glenn Jones,"['Strike', 'Swinging', 'Four-Seam Fastball']",None,None,None,None,None,None,None,[],False,True,False,False,False,False,False,False,0,False,False,False,False,False,True,False,leftfield Logan Stephens,starter Darrion Smith,catcher John Benzschawel,firstbase Jerry Johnson,secondbase Delos Echols,thirdbase Teyo Miraldi,shortstop Bob Small,leftfield Benny Powell,centerfield Dave Eckert,rightfield Oil Can Vardell,False,mlb
93,6,False,SF,1,SD,3,0,1,1,0,starter Neal Asiodu,starter Darrion Smith,shortstop Karlos Smith,designatedhitter Glenn Jones,"['Strike', 'Swinging', 'Change Up']",None,None,None,None,None,None,None,[],False,False,False,False,False,False,False,False,0,False,False,False,False,False,False,False,shortstop Karlos Smith,starter Darrion Smith,catcher John Benzschawel,firstbase Jerry Johnson,secondbase Delos Echols,thirdbase Teyo Miraldi,shortstop Bob Small,leftfield Benny Powell,centerfield Dave Eckert,rightfield Oil Can Vardell,False,mlb
94,6,False,SF,1,SD,3,0,2,1,0,starter Neal Asiodu,starter Darrion Smith,shortstop Karlos Smith,designatedhitter Glenn Jones,"['Strike', 'Looking', 'Cutter']",None,None,None,None,None,None,None,[],False,False,False,False,False,False,False,False,0,False,False,False,False,False,False,False,shortstop Karlos Smith,starter Darrion Smith,catcher John Benzschawel,firstbase Jerry Johnson,secondbase Delos Echols,thirdbase Teyo Miraldi,shortstop Bob Small,leftfield Benny Powell,centerfield Dave Eckert,rightfield Oil Can Vardell,False,mlb
95,6,False,SF,1,SD,3,0,3,2,1,starter Neal Asiodu,starter Darrion Smith,shortstop Karlos Smith,designatedhitter Glenn Jones,"['Strike', 'Looking', 'Change Up']",None,None,None,None,None,None,None,[],False,True,False,False,False,False,False,False,0,False,False,False,False,False,True,False,shortstop Karlos Smith,starter Darrion Smith,catcher John Benzschawel,firstbase Jerry Johnson,secondbase Delos Echols,thirdbase Teyo Miraldi,shortstop Bob Small,leftfield Benny Powell,centerfield Dave Eckert,rightfield Oil Can Vardell,False,mlb
96,6,False,SF,1,SD,3,1,0,2,0,starter Neal Asiodu,starter Darrion Smith,firstbase John Redmond,designatedhitter Glenn Jones,"['Ball', 'Looking', 'Change Up']",None,None,None,None,None,None,None,[],False,False,False,False,False,False,False,False,0,False,False,False,False,False,False,False,firstbase John Redmond,starter Darrion Smith,catcher John Benzschawel,firstbase Jerry Johnson,secondbase Delos Echols,thirdbase Teyo Miraldi,shortstop Bob Small,leftfield Benny Powell,centerfield Dave Eckert,rightfield Oil Can Vardell,False,mlb
97,6,False,SF,1,SD,3,1,1,2,0,starter Neal Asiodu,starter Darrion Smith,firstbase John Redmond,designatedhitter Glenn Jones,"['Strike', 'Swinging', 'Slurve']",None,None,None,None,None,None,None,[],False,False,False,False,False,False,False,False,0,False,False,False,False,False,False,False,firstbase John Redmond,starter Darrion Smith,catcher John Benzschawel,firstbase Jerry Johnson,secondbase Delos Echols,thirdbase Teyo Miraldi,shortstop Bob Small,leftfield Benny Powell,centerfield Dave Eckert,rightfield Oil Can Vardell,False,mlb
98,6,False,SF,1,SD,3,2,1,2,0,starter Neal Asiodu,starter Darrion Smith,firstbase John Redmond,designatedhitter Glenn Jones,"['Ball', 'Looking', 'Slurve']",None,None,None,None,None,None,None,[],False,False,False,False,False,False,False,False,0,False,False,False,False,False,False,False,firstbase John Redmond,starter Darrion Smith,catcher John Benzschawel,firstbase Jerry Johnson,secondbase Delos Echols,thirdbase Teyo Miraldi,shortstop Bob Small,leftfield Benny Powell,centerfield Dave Eckert,rightfield Oil Can Vardell,False,mlb
99,6,False,SF,1,SD,3,2,2,2,0,starter Neal Asiodu,starter Darrion Smith,firstbase John Redmond,designatedhitter Glenn Jones,"['Strike', 'Swinging', 'Slurve']",None,None,None,None,None,None,None,[],False,False,False,False,False,False,False,False,0,False,False,False,False,False,False,False,firstbase John Redmond,starter Darrion Smith,catcher John Benzschawel,firstbase Jerry Johnson,secondbase Delos Echols,thirdbase Teyo Miraldi,shortstop Bob Small,leftfield Benny Powell,centerfield Dave Eckert,rightfield Oil Can Vardell,False,mlb
100,6,False,SF,1,SD,3,2,2,2,0,starter Neal Asiodu,starter Darrion Smith,firstbase John Redmond,designatedhitter Glenn Jones,"['Strike', 'Foul', 'Slurve']",None,None,None,None,None,None,None,[],False,False,False,False,False,False,False,False,0,False,False,False,False,False,False,False,firstbase John Redmond,starter Darrion Smith,catcher John Benzschawel,firstbase Jerry Johnson,secondbase Delos Echols,thirdbase Teyo Miraldi,shortstop Bob Small,leftfield Benny Powell,centerfield Dave Eckert,rightfield Oil Can Vardell,False,mlb
101,6,False,SF,1,SD,3,3,2,2,0,starter Neal Asiodu,starter Darrion Smith,firstbase John Redmond,designatedhitter Glenn Jones,"['Ball', 'Looking', 'Cutter']",None,None,None,None,None,None,None,[],False,False,False,False,False,False,False,False,0,False,False,False,False,False,False,False,firstbase John Redmond,starter Darrion Smith,catcher John Benzschawel,firstbase Jerry Johnson,secondbase Delos Echols,thirdbase Teyo Miraldi,shortstop Bob Small,leftfield Benny Powell,centerfield Dave Eckert,rightfield Oil Can Vardell,False,mlb
102,6,False,SF,1,SD,3,4,2,2,0,starter Neal Asiodu,starter Darrion Smith,firstbase John Redmond,designatedhitter Glenn Jones,"['Ball', 'Looking', 'Cutter']",None,None,None,None,firstbase John Redmond,None,None,[],True,False,False,False,False,False,False,False,0,False,False,False,False,False,True,False,firstbase John Redmond,starter Darrion Smith,catcher John Benzschawel,firstbase Jerry Johnson,secondbase Delos Echols,thirdbase Teyo Miraldi,shortstop Bob Small,leftfield Benny Powell,centerfield Dave Eckert,rightfield Oil Can Vardell,False,mlb
103,6,False,SF,1,SD,3,1,0,2,0,starter Neal Asiodu,starter Darrion Smith,centerfield A.J. Oswalt,designatedhitter Glenn Jones,"['Ball', 'Looking', 'Change Up']",None,None,None,None,firstbase John Redmond,None,None,[],False,False,False,False,False,False,False,False,0,False,False,False,False,False,False,False,centerfield A.J. Oswalt,starter Darrion Smith,catcher John Benzschawel,firstbase Jerry Johnson,secondbase Delos Echols,thirdbase Teyo Miraldi,shortstop Bob Small,leftfield Benny Powell,centerfield Dave Eckert,rightfield Oil Can Vardell,False,mlb
104,6,False,SF,1,SD,3,1,1,2,0,starter Neal Asiodu,starter Darrion Smith,centerfield A.J. Oswalt,designatedhitter Glenn Jones,"['Strike', 'Looking', 'Slurve']",None,None,None,None,firstbase John Redmond,None,None,[],False,False,False,False,False,False,False,False,0,False,False,False,False,False,False,False,centerfield A.J. Oswalt,starter Darrion Smith,catcher John Benzschawel,firstbase Jerry Johnson,secondbase Delos Echols,thirdbase Teyo Miraldi,shortstop Bob Small,leftfield Benny Powell,centerfield Dave Eckert,rightfield Oil Can Vardell,False,mlb
105,6,False,SF,1,SD,3,2,1,2,0,starter Neal Asiodu,starter Darrion Smith,centerfield A.J. Oswalt,designatedhitter Glenn Jones,"['Ball', 'Looking', 'Four-Seam Fastball']",None,None,None,None,firstbase John Redmond,None,None,[],False,False,False,False,False,False,False,False,0,False,False,False,False,False,False,False,centerfield A.J. Oswalt,starter Darrion Smith,catcher John Benzschawel,firstbase Jerry Johnson,secondbase Delos Echols,thirdbase Teyo Miraldi,shortstop Bob Small,leftfield Benny Powell,centerfield Dave Eckert,rightfield Oil Can Vardell,False,mlb
106,6,False,SF,1,SD,3,2,1,4,2,starter Neal Asiodu,starter Darrion Smith,centerfield A.J. Oswalt,designatedhitter Glenn Jones,"['solid', 'right', 'Four-Seam Fastball']",single,groundball,secondbase,single,centerfield A.J. Oswalt,firstbase John Redmond,None,[],False,False,False,False,False,False,False,False,0,False,True,False,False,False,True,False,centerfield A.J. Oswalt,starter Darrion Smith,catcher John Benzschawel,firstbase Jerry Johnson,secondbase Delos Echols,thirdbase Teyo Miraldi,shortstop Bob Small,leftfield Benny Powell,centerfield Dave Eckert,rightfield Oil Can Vardell,False,mlb
107,7,True,SF,1,SD,3,0,0,0,0,starter Neal Asiodu,starter Darrion Smith,secondbase Stephen Smith,designatedhitter Glenn Jones,"['burner', 'far left', 'Curveball']",out,groundball,thirdbase,['fielding error by firstbase John Redmond'],None,None,None,[],False,False,False,False,False,False,False,False,1,False,False,False,False,False,True,False,designatedhitter Glenn Jones,starter Neal Asiodu,catcher Jared Harris,firstbase John Redmond,secondbase Stephen Smith,thirdbase Steve Delong,shortstop Karlos Smith,leftfield Logan Stephens,centerfield A.J. Oswalt,rightfield Tony Everett,False,mlb
108,7,True,SF,1,SD,3,0,1,0,0,starter Neal Asiodu,starter Darrion Smith,secondbase Stephen Smith,catcher John Benzschawel,"['Strike', 'Looking', 'Four-Seam Fastball']",None,None,None,None,None,None,None,[],False,False,False,False,False,False,False,False,0,False,False,False,False,False,False,False,catcher John Benzschawel,starter Neal Asiodu,catcher Jared Harris,firstbase John Redmond,secondbase Stephen Smith,thirdbase Steve Delong,shortstop Karlos Smith,leftfield Logan Stephens,centerfield A.J. Oswalt,rightfield Tony Everett,False,mlb
109,7,True,SF,1,SD,3,1,1,0,0,starter Neal Asiodu,starter Darrion Smith,secondbase Stephen Smith,catcher John Benzschawel,"['Ball', 'Looking', 'Curveball']",None,None,None,None,None,None,None,[],False,False,False,False,False,False,False,False,0,False,False,False,False,False,False,False,catcher John Benzschawel,starter Neal Asiodu,catcher Jared Harris,firstbase John Redmond,secondbase Stephen Smith,thirdbase Steve Delong,shortstop Karlos Smith,leftfield Logan Stephens,centerfield A.J. Oswalt,rightfield Tony Everett,False,mlb
110,7,True,SF,1,SD,3,1,2,0,0,starter Neal Asiodu,starter Darrion Smith,secondbase Stephen Smith,catcher John Benzschawel,"['Strike', 'Swinging', 'Curveball']",None,None,None,None,None,None,None,[],False,False,False,False,False,False,False,False,0,False,False,False,False,False,False,False,catcher John Benzschawel,starter Neal Asiodu,catcher Jared Harris,firstbase John Redmond,secondbase Stephen Smith,thirdbase Steve Delong,shortstop Karlos Smith,leftfield Logan Stephens,centerfield A.J. Oswalt,rightfield Tony Everett,False,mlb
111,7,True,SF,1,SD,3,1,3,1,1,starter Neal Asiodu,starter Darrion Smith,secondbase Stephen Smith,catcher John Benzschawel,"['Strike', 'Looking', 'Sinker']",None,None,None,None,None,None,None,[],False,True,False,False,False,False,False,False,0,False,False,False,False,False,True,False,catcher John Benzschawel,starter Neal Asiodu,catcher Jared Harris,firstbase John Redmond,secondbase Stephen Smith,thirdbase Steve Delong,shortstop Karlos Smith,leftfield Logan Stephens,centerfield A.J. Oswalt,rightfield Tony Everett,False,mlb
112,7,True,SF,1,SD,3,0,1,1,0,starter Neal Asiodu,starter Darrion Smith,secondbase Stephen Smith,secondbase Delos Echols,"['Strike', 'Looking', 'Sinker']",None,None,None,None,None,None,None,[],False,False,False,False,False,False,False,False,0,False,False,False,False,False,False,False,secondbase Delos Echols,starter Neal Asiodu,catcher Jared Harris,firstbase John Redmond,secondbase Stephen Smith,thirdbase Steve Delong,shortstop Karlos Smith,leftfield Logan Stephens,centerfield A.J. Oswalt,rightfield Tony Everett,False,mlb
113,7,True,SF,1,SD,3,1,1,1,0,starter Neal Asiodu,starter Darrion Smith,secondbase Stephen Smith,secondbase Delos Echols,"['Ball', 'Looking', 'Curveball']",None,None,None,None,None,None,None,[],False,False,False,False,False,False,False,False,0,False,False,False,False,False,False,False,secondbase Delos Echols,starter Neal Asiodu,catcher Jared Harris,firstbase John Redmond,secondbase Stephen Smith,thirdbase Steve Delong,shortstop Karlos Smith,leftfield Logan Stephens,centerfield A.J. Oswalt,rightfield Tony Everett,False,mlb
114,7,True,SF,1,SD,3,1,2,1,0,starter Neal Asiodu,starter Darrion Smith,secondbase Stephen Smith,secondbase Delos Echols,"['Strike', 'Looking', 'Change Up']",None,None,None,None,None,None,None,[],False,False,False,False,False,False,False,False,0,False,False,False,False,False,False,False,secondbase Delos Echols,starter Neal Asiodu,catcher Jared Harris,firstbase John Redmond,secondbase Stephen Smith,thirdbase Steve Delong,shortstop Karlos Smith,leftfield Logan Stephens,centerfield A.J. Oswalt,rightfield Tony Everett,False,mlb
115,7,True,SF,1,SD,3,1,2,2,1,starter Neal Asiodu,starter Darrion Smith,secondbase Stephen Smith,secondbase Delos Echols,"['solid', 'center left', 'Sinker']",out,airball,centerfield,out,None,None,None,[],False,False,False,False,False,False,False,False,0,False,False,False,False,False,True,False,secondbase Delos Echols,starter Neal Asiodu,catcher Jared Harris,firstbase John Redmond,secondbase Stephen Smith,thirdbase Steve Delong,shortstop Karlos Smith,leftfield Logan Stephens,centerfield A.J. Oswalt,rightfield Tony Everett,False,mlb
116,7,True,SF,1,SD,3,0,0,2,0,starter Neal Asiodu,starter Darrion Smith,secondbase Stephen Smith,leftfield Benny Powell,"['flare', 'dead center', 'Change Up']",double,groundball,shortstop,['fielding error by firstbase John Redmond'],None,None,leftfield Benny Powell,[],False,False,False,False,False,False,False,False,1,False,False,True,False,False,True,False,leftfield Benny Powell,starter Neal Asiodu,catcher Jared Harris,firstbase John Redmond,secondbase Stephen Smith,thirdbase Steve Delong,shortstop Karlos Smith,leftfield Logan Stephens,centerfield A.J. Oswalt,rightfield Tony Everett,False,mlb
117,7,True,SF,1,SD,3,1,0,2,0,starter Neal Asiodu,starter Darrion Smith,secondbase Stephen Smith,shortstop Bob Small,"['Ball', 'Looking', 'Sinker']",None,None,None,None,None,None,leftfield Benny Powell,[],False,False,False,False,False,False,False,False,0,False,False,False,False,False,False,False,shortstop Bob Small,starter Neal Asiodu,catcher Jared Harris,firstbase John Redmond,secondbase Stephen Smith,thirdbase Steve Delong,shortstop Karlos Smith,leftfield Logan Stephens,centerfield A.J. Oswalt,rightfield Tony Everett,False,mlb
118,7,True,SF,1,SD,3,2,0,2,0,starter Neal Asiodu,starter Darrion Smith,secondbase Stephen Smith,shortstop Bob Small,"['Ball', 'Looking', 'Sinker']",None,None,None,None,None,None,leftfield Benny Powell,[],False,False,False,False,False,False,False,False,0,False,False,False,False,False,False,False,shortstop Bob Small,starter Neal Asiodu,catcher Jared Harris,firstbase John Redmond,secondbase Stephen Smith,thirdbase Steve Delong,shortstop Karlos Smith,leftfield Logan Stephens,centerfield A.J. Oswalt,rightfield Tony Everett,False,mlb
119,7,True,SF,1,SD,3,2,0,3,1,starter Neal Asiodu,starter Darrion Smith,secondbase Stephen Smith,shortstop Bob Small,"['solid', 'left', 'Sinker']",out,airball,leftfield,out,None,None,None,[],False,False,False,False,False,False,False,False,0,False,False,False,False,False,True,False,shortstop Bob Small,starter Neal Asiodu,catcher Jared Harris,firstbase John Redmond,secondbase Stephen Smith,thirdbase Steve Delong,shortstop Karlos Smith,leftfield Logan Stephens,centerfield A.J. Oswalt,rightfield Tony Everett,False,mlb
120,7,False,SF,1,SD,3,0,0,0,0,starter Neal Asiodu,starter Darrion Smith,secondbase Stephen Smith,thirdbase Teyo Miraldi,"['solid', 'far left', 'Change Up']",out,groundball,thirdbase,"['fielding error by firstbase Jerry Johnson', 'XX fielding error by Teyo Miraldi']",None,None,secondbase Stephen Smith,[],False,False,False,False,False,False,False,False,2,False,False,False,False,False,True,False,secondbase Stephen Smith,starter Darrion Smith,catcher John Benzschawel,firstbase Jerry Johnson,secondbase Delos Echols,thirdbase Teyo Miraldi,shortstop Bob Small,leftfield Benny Powell,centerfield Dave Eckert,rightfield Oil Can Vardell,False,mlb
121,7,False,SF,1,SD,3,1,0,0,0,starter Neal Asiodu,starter Darrion Smith,thirdbase Steve Delong,thirdbase Teyo Miraldi,"['Ball', 'Looking', 'Cutter']",None,None,None,None,None,None,secondbase Stephen Smith,[],False,False,False,False,False,False,False,False,0,False,False,False,False,False,False,False,thirdbase Steve Delong,starter Darrion Smith,catcher John Benzschawel,firstbase Jerry Johnson,secondbase Delos Echols,thirdbase Teyo Miraldi,shortstop Bob Small,leftfield Benny Powell,centerfield Dave Eckert,rightfield Oil Can Vardell,False,mlb
122,7,False,SF,2,SD,3,1,0,2,2,starter Neal Asiodu,starter Darrion Smith,thirdbase Steve Delong,thirdbase Teyo Miraldi,"['burner', 'dead center', 'Change Up']",double,groundball,shortstop,double,None,thirdbase Steve Delong,None,[secondbase Stephen Smith],False,False,False,False,False,False,False,False,0,False,False,True,False,False,True,False,thirdbase Steve Delong,starter Darrion Smith,catcher John Benzschawel,firstbase Jerry Johnson,secondbase Delos Echols,thirdbase Teyo Miraldi,shortstop Bob Small,leftfield Benny Powell,centerfield Dave Eckert,rightfield Oil Can Vardell,False,mlb
123,7,False,SF,2,SD,3,0,1,2,0,starter Neal Asiodu,starter Darrion Smith,designatedhitter John Williams,thirdbase Teyo Miraldi,"['Strike', 'Foul', 'Slurve']",None,None,None,None,None,thirdbase Steve Delong,None,[],False,False,False,False,False,False,False,False,0,False,False,False,False,False,False,False,designatedhitter John Williams,starter Darrion Smith,catcher John Benzschawel,firstbase Jerry Johnson,secondbase Delos Echols,thirdbase Teyo Miraldi,shortstop Bob Small,leftfield Benny Powell,centerfield Dave Eckert,rightfield Oil Can Vardell,False,mlb
124,7,False,SF,2,SD,3,1,1,2,0,starter Neal Asiodu,starter Darrion Smith,designatedhitter John Williams,thirdbase Teyo Miraldi,"['Ball', 'Looking', 'Cutter']",None,None,None,None,None,thirdbase Steve Delong,None,[],False,False,False,False,False,False,False,False,0,False,False,False,False,False,False,False,designatedhitter John Williams,starter Darrion Smith,catcher John Benzschawel,firstbase Jerry Johnson,secondbase Delos Echols,thirdbase Teyo Miraldi,shortstop Bob Small,leftfield Benny Powell,centerfield Dave Eckert,rightfield Oil Can Vardell,False,mlb
125,7,False,SF,2,SD,3,1,2,2,0,starter Neal Asiodu,starter Darrion Smith,designatedhitter John Williams,thirdbase Teyo Miraldi,"['Strike', 'Looking', 'Four-Seam Fastball']",None,None,None,None,None,thirdbase Steve Delong,None,[],False,False,False,False,False,False,False,False,0,False,False,False,False,False,False,False,designatedhitter John Williams,starter Darrion Smith,catcher John Benzschawel,firstbase Jerry Johnson,secondbase Delos Echols,thirdbase Teyo Miraldi,shortstop Bob Small,leftfield Benny Powell,centerfield Dave Eckert,rightfield Oil Can Vardell,False,mlb
126,7,False,SF,2,SD,3,1,3,3,1,starter Neal Asiodu,starter Darrion Smith,designatedhitter John Williams,thirdbase Teyo Miraldi,"['Strike', 'Looking', 'Cutter']",None,None,None,None,None,thirdbase Steve Delong,None,[],False,True,False,False,False,False,False,False,0,False,False,False,False,False,True,False,designatedhitter John Williams,starter Darrion Smith,catcher John Benzschawel,firstbase Jerry Johnson,secondbase Delos Echols,thirdbase Teyo Miraldi,shortstop Bob Small,leftfield Benny Powell,centerfield Dave Eckert,rightfield Oil Can Vardell,False,mlb
127,8,True,SF,2,SD,3,0,1,0,0,starter Neal Asiodu,starter Darrion Smith,catcher Jared Harris,thirdbase Teyo Miraldi,"['Strike', 'Looking', 'Sinker']",None,None,None,None,None,None,None,[],False,False,False,False,False,False,False,False,0,False,False,False,False,False,False,False,thirdbase Teyo Miraldi,starter Neal Asiodu,catcher Jared Harris,firstbase John Redmond,secondbase Stephen Smith,thirdbase Steve Delong,shortstop Karlos Smith,leftfield Logan Stephens,centerfield A.J. Oswalt,rightfield Tony Everett,False,mlb
128,8,True,SF,2,SD,4,0,1,0,0,starter Neal Asiodu,starter Darrion Smith,catcher Jared Harris,thirdbase Teyo Miraldi,"['barrel', 'far right', 'Change Up']",homerun,None,None,homerun,None,None,None,[thirdbase Teyo Miraldi],False,False,False,False,False,False,False,False,0,False,False,False,False,True,True,False,thirdbase Teyo Miraldi,starter Neal Asiodu,catcher Jared Harris,firstbase John Redmond,secondbase Stephen Smith,thirdbase Steve Delong,shortstop Karlos Smith,leftfield Logan Stephens,centerfield A.J. Oswalt,rightfield Tony Everett,False,mlb
129,8,True,SF,2,SD,4,0,0,0,0,starter Neal Asiodu,starter Darrion Smith,catcher Jared Harris,rightfield Oil Can Vardell,"['barrel', 'far left', 'Sinker']",out,airball,leftfield,"['fielding error by firstbase John Redmond', 'XX fielding error by Logan Stephens']",None,None,rightfield Oil Can Vardell,[],False,False,False,False,False,False,False,False,2,False,False,False,False,False,True,False,rightfield Oil Can Vardell,starter Neal Asiodu,catcher Jared Harris,firstbase John Redmond,secondbase Stephen Smith,thirdbase Steve Delong,shortstop Karlos Smith,leftfield Logan Stephens,centerfield A.J. Oswalt,rightfield Tony Everett,False,mlb
130,8,True,SF,2,SD,4,0,0,1,1,starter Neal Asiodu,starter Darrion Smith,catcher Jared Harris,firstbase Jerry Johnson,"['solid', 'center right', 'Four-Seam Fastball']",out,airball,centerfield,out,None,None,None,[],False,False,False,False,False,False,False,False,0,False,False,False,False,False,True,False,firstbase Jerry Johnson,starter Neal Asiodu,catcher Jared Harris,firstbase John Redmond,secondbase Stephen Smith,thirdbase Steve Delong,shortstop Karlos Smith,leftfield Logan Stephens,centerfield A.J. Oswalt,rightfield Tony Everett,False,mlb
131,8,True,SF,2,SD,4,1,0,1,0,starter Neal Asiodu,starter Darrion Smith,catcher Jared Harris,centerfield Dave Eckert,"['Ball', 'Looking', 'Curveball']",None,None,None,None,None,None,None,[],False,False,False,False,False,False,False,False,0,False,False,False,False,False,False,False,centerfield Dave Eckert,starter Neal Asiodu,catcher Jared Harris,firstbase John Redmond,secondbase Stephen Smith,thirdbase Steve Delong,shortstop Karlos Smith,leftfield Logan Stephens,centerfield A.J. Oswalt,rightfield Tony Everett,False,mlb
132,8,True,SF,2,SD,4,2,0,1,0,starter Neal Asiodu,starter Darrion Smith,catcher Jared Harris,centerfield Dave Eckert,"['Ball', 'Looking', 'Curveball']",None,None,None,None,None,None,None,[],False,False,False,False,False,False,False,False,0,False,False,False,False,False,False,False,centerfield Dave Eckert,starter Neal Asiodu,catcher Jared Harris,firstbase John Redmond,secondbase Stephen Smith,thirdbase Steve Delong,shortstop Karlos Smith,leftfield Logan Stephens,centerfield A.J. Oswalt,rightfield Tony Everett,False,mlb
133,8,True,SF,2,SD,4,3,0,1,0,starter Neal Asiodu,starter Darrion Smith,catcher Jared Harris,centerfield Dave Eckert,"['Ball', 'Looking', 'Four-Seam Fastball']",None,None,None,None,None,None,None,[],False,False,False,False,False,False,False,False,0,False,False,False,False,False,False,False,centerfield Dave Eckert,starter Neal Asiodu,catcher Jared Harris,firstbase John Redmond,secondbase Stephen Smith,thirdbase Steve Delong,shortstop Karlos Smith,leftfield Logan Stephens,centerfield A.J. Oswalt,rightfield Tony Everett,False,mlb
134,8,True,SF,2,SD,5,3,0,1,0,starter Neal Asiodu,starter Darrion Smith,catcher Jared Harris,centerfield Dave Eckert,"['barrel', 'right', 'Change Up']",homerun,None,None,homerun,None,None,None,[centerfield Dave Eckert],False,False,False,False,False,False,False,False,0,False,False,False,False,True,True,False,centerfield Dave Eckert,starter Neal Asiodu,catcher Jared Harris,firstbase John Redmond,secondbase Stephen Smith,thirdbase Steve Delong,shortstop Karlos Smith,leftfield Logan Stephens,centerfield A.J. Oswalt,rightfield Tony Everett,False,mlb
135,8,True,SF,2,SD,5,0,0,3,2,starter Neal Asiodu,starter Darrion Smith,catcher Jared Harris,designatedhitter Glenn Jones,"['solid', 'center left', 'Sinker']",double,airball,centerfield,double,None,designatedhitter Glenn Jones,None,[],False,False,False,False,False,False,False,False,0,False,False,True,False,False,True,False,designatedhitter Glenn Jones,starter Neal Asiodu,catcher Jared Harris,firstbase John Redmond,secondbase Stephen Smith,thirdbase Steve Delong,shortstop Karlos Smith,leftfield Logan Stephens,centerfield A.J. Oswalt,rightfield Tony Everett,False,mlb
136,8,False,SF,2,SD,5,1,0,0,0,starter Neal Asiodu,starter Darrion Smith,catcher Jared Harris,catcher John Benzschawel,"['Ball', 'Looking', 'Cutter']",None,None,None,None,None,None,None,[],False,False,False,False,False,False,False,False,0,False,False,False,False,False,False,False,catcher Jared Harris,starter Darrion Smith,catcher John Benzschawel,firstbase Jerry Johnson,secondbase Delos Echols,thirdbase Teyo Miraldi,shortstop Bob Small,leftfield Benny Powell,centerfield Dave Eckert,rightfield Oil Can Vardell,False,mlb
137,8,False,SF,2,SD,5,1,1,0,0,starter Neal Asiodu,starter Darrion Smith,catcher Jared Harris,catcher John Benzschawel,"['Strike', 'Looking', 'Cutter']",None,None,None,None,None,None,None,[],False,False,False,False,False,False,False,False,0,False,False,False,False,False,False,False,catcher Jared Harris,starter Darrion Smith,catcher John Benzschawel,firstbase Jerry Johnson,secondbase Delos Echols,thirdbase Teyo Miraldi,shortstop Bob Small,leftfield Benny Powell,centerfield Dave Eckert,rightfield Oil Can Vardell,False,mlb
138,8,False,SF,2,SD,5,1,2,0,0,starter Neal Asiodu,starter Darrion Smith,catcher Jared Harris,catcher John Benzschawel,"['Strike', 'Swinging', 'Cutter']",None,None,None,None,None,None,None,[],False,False,False,False,False,False,False,False,0,False,False,False,False,False,False,False,catcher Jared Harris,starter Darrion Smith,catcher John Benzschawel,firstbase Jerry Johnson,secondbase Delos Echols,thirdbase Teyo Miraldi,shortstop Bob Small,leftfield Benny Powell,centerfield Dave Eckert,rightfield Oil Can Vardell,False,mlb
139,8,False,SF,2,SD,5,1,2,0,0,starter Neal Asiodu,starter Darrion Smith,catcher Jared Harris,catcher John Benzschawel,"['Strike', 'Foul', 'Cutter']",None,None,None,None,None,None,None,[],False,False,False,False,False,False,False,False,0,False,False,False,False,False,False,False,catcher Jared Harris,starter Darrion Smith,catcher John Benzschawel,firstbase Jerry Johnson,secondbase Delos Echols,thirdbase Teyo Miraldi,shortstop Bob Small,leftfield Benny Powell,centerfield Dave Eckert,rightfield Oil Can Vardell,False,mlb
140,8,False,SF,2,SD,5,1,3,1,1,starter Neal Asiodu,starter Darrion Smith,catcher Jared Harris,catcher John Benzschawel,"['Strike', 'Looking', 'Slurve']",None,None,None,None,None,None,None,[],False,True,False,False,False,False,False,False,0,False,False,False,False,False,True,False,catcher Jared Harris,starter Darrion Smith,catcher John Benzschawel,firstbase Jerry Johnson,secondbase Delos Echols,thirdbase Teyo Miraldi,shortstop Bob Small,leftfield Benny Powell,centerfield Dave Eckert,rightfield Oil Can Vardell,False,mlb
141,8,False,SF,2,SD,5,0,1,1,0,starter Neal Asiodu,starter Darrion Smith,rightfield Tony Everett,catcher John Benzschawel,"['Strike', 'Looking', 'Cutter']",None,None,None,None,None,None,None,[],False,False,False,False,False,False,False,False,0,False,False,False,False,False,False,False,rightfield Tony Everett,starter Darrion Smith,catcher John Benzschawel,firstbase Jerry Johnson,secondbase Delos Echols,thirdbase Teyo Miraldi,shortstop Bob Small,leftfield Benny Powell,centerfield Dave Eckert,rightfield Oil Can Vardell,False,mlb
142,8,False,SF,2,SD,5,0,2,1,0,starter Neal Asiodu,starter Darrion Smith,rightfield Tony Everett,catcher John Benzschawel,"['Strike', 'Swinging', 'Slurve']",None,None,None,None,None,None,None,[],False,False,False,False,False,False,False,False,0,False,False,False,False,False,False,False,rightfield Tony Everett,starter Darrion Smith,catcher John Benzschawel,firstbase Jerry Johnson,secondbase Delos Echols,thirdbase Teyo Miraldi,shortstop Bob Small,leftfield Benny Powell,centerfield Dave Eckert,rightfield Oil Can Vardell,False,mlb
143,8,False,SF,2,SD,5,0,3,2,1,starter Neal Asiodu,starter Darrion Smith,rightfield Tony Everett,catcher John Benzschawel,"['Strike', 'Looking', 'Four-Seam Fastball']",None,None,None,None,None,None,None,[],False,True,False,False,False,False,False,False,0,False,False,False,False,False,True,False,rightfield Tony Everett,starter Darrion Smith,catcher John Benzschawel,firstbase Jerry Johnson,secondbase Delos Echols,thirdbase Teyo Miraldi,shortstop Bob Small,leftfield Benny Powell,centerfield Dave Eckert,rightfield Oil Can Vardell,False,mlb
144,8,False,SF,2,SD,5,1,0,2,0,starter Neal Asiodu,starter Darrion Smith,leftfield Logan Stephens,catcher John Benzschawel,"['Ball', 'Looking', 'Slurve']",None,None,None,None,None,None,None,[],False,False,False,False,False,False,False,False,0,False,False,False,False,False,False,False,leftfield Logan Stephens,starter Darrion Smith,catcher John Benzschawel,firstbase Jerry Johnson,secondbase Delos Echols,thirdbase Teyo Miraldi,shortstop Bob Small,leftfield Benny Powell,centerfield Dave Eckert,rightfield Oil Can Vardell,False,mlb
145,8,False,SF,2,SD,5,1,1,2,0,starter Neal Asiodu,starter Darrion Smith,leftfield Logan Stephens,catcher John Benzschawel,"['Strike', 'Looking', 'Cutter']",None,None,None,None,None,None,None,[],False,False,False,False,False,False,False,False,0,False,False,False,False,False,False,False,leftfield Logan Stephens,starter Darrion Smith,catcher John Benzschawel,firstbase Jerry Johnson,secondbase Delos Echols,thirdbase Teyo Miraldi,shortstop Bob Small,leftfield Benny Powell,centerfield Dave Eckert,rightfield Oil Can Vardell,False,mlb
146,8,False,SF,2,SD,5,1,2,2,0,starter Neal Asiodu,starter Darrion Smith,leftfield Logan Stephens,catcher John Benzschawel,"['Strike', 'Foul', 'Slurve']",None,None,None,None,None,None,None,[],False,False,False,False,False,False,False,False,0,False,False,False,False,False,False,False,leftfield Logan Stephens,starter Darrion Smith,catcher John Benzschawel,firstbase Jerry Johnson,secondbase Delos Echols,thirdbase Teyo Miraldi,shortstop Bob Small,leftfield Benny Powell,centerfield Dave Eckert,rightfield Oil Can Vardell,False,mlb
147,8,False,SF,2,SD,5,2,2,2,0,starter Neal Asiodu,starter Darrion Smith,leftfield Logan Stephens,catcher John Benzschawel,"['Ball', 'Looking', 'Slurve']",None,None,None,None,None,None,None,[],False,False,False,False,False,False,False,False,0,False,False,False,False,False,False,False,leftfield Logan Stephens,starter Darrion Smith,catcher John Benzschawel,firstbase Jerry Johnson,secondbase Delos Echols,thirdbase Teyo Miraldi,shortstop Bob Small,leftfield Benny Powell,centerfield Dave Eckert,rightfield Oil Can Vardell,False,mlb
148,8,False,SF,2,SD,5,2,3,3,1,starter Neal Asiodu,starter Darrion Smith,leftfield Logan Stephens,catcher John Benzschawel,"['Strike', 'Looking', 'Slurve']",None,None,None,None,None,None,None,[],False,True,False,False,False,False,False,False,0,False,False,False,False,False,True,False,leftfield Logan Stephens,starter Darrion Smith,catcher John Benzschawel,firstbase Jerry Johnson,secondbase Delos Echols,thirdbase Teyo Miraldi,shortstop Bob Small,leftfield Benny Powell,centerfield Dave Eckert,rightfield Oil Can Vardell,False,mlb
149,9,True,SF,2,SD,6,0,0,0,0,starter Neal Asiodu,starter Darrion Smith,shortstop Karlos Smith,catcher John Benzschawel,"['barrel', 'center left', 'Change Up']",homerun,None,None,homerun,None,None,None,[catcher John Benzschawel],False,False,False,False,False,False,False,False,0,False,False,False,False,True,True,False,catcher John Benzschawel,starter Neal Asiodu,catcher Jared Harris,firstbase John Redmond,secondbase Stephen Smith,thirdbase Steve Delong,shortstop Karlos Smith,leftfield Logan Stephens,centerfield A.J. Oswalt,rightfield Tony Everett,False,mlb
150,9,True,SF,2,SD,7,0,0,0,0,starter Neal Asiodu,starter Darrion Smith,shortstop Karlos Smith,secondbase Delos Echols,"['barrel', 'center left', 'Sinker']",homerun,None,None,homerun,None,None,None,[secondbase Delos Echols],False,False,False,False,False,False,False,False,0,False,False,False,False,True,True,False,secondbase Delos Echols,starter Neal Asiodu,catcher Jared Harris,firstbase John Redmond,secondbase Stephen Smith,thirdbase Steve Delong,shortstop Karlos Smith,leftfield Logan Stephens,centerfield A.J. Oswalt,rightfield Tony Everett,False,mlb
151,9,True,SF,2,SD,7,0,0,0,0,starter Neal Asiodu,starter Darrion Smith,shortstop Karlos Smith,leftfield Benny Powell,"['solid', 'far right', 'Change Up']",out,groundball,firstbase,out,None,None,None,[],False,False,False,False,False,False,False,False,0,False,False,False,False,False,True,False,leftfield Benny Powell,starter Neal Asiodu,catcher Jared Harris,firstbase John Redmond,secondbase Stephen Smith,thirdbase Steve Delong,shortstop Karlos Smith,leftfield Logan Stephens,centerfield A.J. Oswalt,rightfield Tony Everett,False,mlb
152,9,True,SF,2,SD,7,1,0,0,0,starter Neal Asiodu,starter Darrion Smith,shortstop Karlos Smith,shortstop Bob Small,"['Ball', 'Looking', 'Sinker']",None,None,None,None,None,None,None,[],False,False,False,False,False,False,False,False,0,False,False,False,False,False,False,False,shortstop Bob Small,starter Neal Asiodu,catcher Jared Harris,firstbase John Redmond,secondbase Stephen Smith,thirdbase Steve Delong,shortstop Karlos Smith,leftfield Logan Stephens,centerfield A.J. Oswalt,rightfield Tony Everett,False,mlb
153,9,True,SF,2,SD,7,1,0,0,0,starter Neal Asiodu,starter Darrion Smith,shortstop Karlos Smith,shortstop Bob Small,"['burner', 'left', 'Sinker']",single,groundball,shortstop,['throwing error by shortstop Karlos Smith'],None,shortstop Bob Small,None,[],False,False,False,False,False,False,False,False,1,False,True,False,False,False,True,False,shortstop Bob Small,starter Neal Asiodu,catcher Jared Harris,firstbase John Redmond,secondbase Stephen Smith,thirdbase Steve Delong,shortstop Karlos Smith,leftfield Logan Stephens,centerfield A.J. Oswalt,rightfield Tony Everett,False,mlb
154,9,True,SF,2,SD,7,1,0,0,0,starter Neal Asiodu,starter Darrion Smith,shortstop Karlos Smith,thirdbase Teyo Miraldi,"['Ball', 'Looking', 'Change Up']",None,None,None,None,None,shortstop Bob Small,None,[],False,False,False,False,False,False,False,False,0,False,False,False,False,False,False,False,thirdbase Teyo Miraldi,starter Neal Asiodu,catcher Jared Harris,firstbase John Redmond,secondbase Stephen Smith,thirdbase Steve Delong,shortstop Karlos Smith,leftfield Logan Stephens,centerfield A.J. Oswalt,rightfield Tony Everett,False,mlb
155,9,True,SF,2,SD,7,2,0,0,0,starter Neal Asiodu,starter Darrion Smith,shortstop Karlos Smith,thirdbase Teyo Miraldi,"['Ball', 'Looking', 'Curveball']",None,None,None,None,None,shortstop Bob Small,None,[],False,False,False,False,False,False,False,False,0,False,False,False,False,False,False,False,thirdbase Teyo Miraldi,starter Neal Asiodu,catcher Jared Harris,firstbase John Redmond,secondbase Stephen Smith,thirdbase Steve Delong,shortstop Karlos Smith,leftfield Logan Stephens,centerfield A.J. Oswalt,rightfield Tony Everett,False,mlb
156,9,True,SF,2,SD,7,2,1,0,0,starter Neal Asiodu,starter Darrion Smith,shortstop Karlos Smith,thirdbase Teyo Miraldi,"['Strike', 'Swinging', 'Curveball']",None,None,None,None,None,shortstop Bob Small,None,[],False,False,False,False,False,False,False,False,0,False,False,False,False,False,False,False,thirdbase Teyo Miraldi,starter Neal Asiodu,catcher Jared Harris,firstbase John Redmond,secondbase Stephen Smith,thirdbase Steve Delong,shortstop Karlos Smith,leftfield Logan Stephens,centerfield A.J. Oswalt,rightfield Tony Everett,False,mlb
157,9,True,SF,2,SD,7,3,1,0,0,starter Neal Asiodu,starter Darrion Smith,shortstop Karlos Smith,thirdbase Teyo Miraldi,"['Ball', 'Looking', 'Curveball']",None,None,None,None,None,shortstop Bob Small,None,[],False,False,False,False,False,False,False,False,0,False,False,False,False,False,False,False,thirdbase Teyo Miraldi,starter Neal Asiodu,catcher Jared Harris,firstbase John Redmond,secondbase Stephen Smith,thirdbase Steve Delong,shortstop Karlos Smith,leftfield Logan Stephens,centerfield A.J. Oswalt,rightfield Tony Everett,False,mlb
158,9,True,SF,2,SD,7,3,1,1,1,starter Neal Asiodu,starter Darrion Smith,shortstop Karlos Smith,thirdbase Teyo Miraldi,"['solid', 'dead center', 'Four-Seam Fastball']",out,airball,centerfield,out,None,None,None,[],False,False,False,False,False,False,False,False,0,False,False,False,False,False,True,False,thirdbase Teyo Miraldi,starter Neal Asiodu,catcher Jared Harris,firstbase John Redmond,secondbase Stephen Smith,thirdbase Steve Delong,shortstop Karlos Smith,leftfield Logan Stephens,centerfield A.J. Oswalt,rightfield Tony Everett,False,mlb
159,9,True,SF,2,SD,7,0,1,1,0,starter Neal Asiodu,starter Darrion Smith,shortstop Karlos Smith,rightfield Oil Can Vardell,"['Strike', 'Looking', 'Sinker']",None,None,None,None,None,None,None,[],False,False,False,False,False,False,False,False,0,False,False,False,False,False,False,False,rightfield Oil Can Vardell,starter Neal Asiodu,catcher Jared Harris,firstbase John Redmond,secondbase Stephen Smith,thirdbase Steve Delong,shortstop Karlos Smith,leftfield Logan Stephens,centerfield A.J. Oswalt,rightfield Tony Everett,False,mlb
160,9,True,SF,2,SD,7,1,1,1,0,starter Neal Asiodu,starter Darrion Smith,shortstop Karlos Smith,rightfield Oil Can Vardell,"['Ball', 'Looking', 'Curveball']",None,None,None,None,None,None,None,[],False,False,False,False,False,False,False,False,0,False,False,False,False,False,False,False,rightfield Oil Can Vardell,starter Neal Asiodu,catcher Jared Harris,firstbase John Redmond,secondbase Stephen Smith,thirdbase Steve Delong,shortstop Karlos Smith,leftfield Logan Stephens,centerfield A.J. Oswalt,rightfield Tony Everett,False,mlb
161,9,True,SF,2,SD,7,1,2,1,0,starter Neal Asiodu,starter Darrion Smith,shortstop Karlos Smith,rightfield Oil Can Vardell,"['Strike', 'Foul', 'Curveball']",None,None,None,None,None,None,None,[],False,False,False,False,False,False,False,False,0,False,False,False,False,False,False,False,rightfield Oil Can Vardell,starter Neal Asiodu,catcher Jared Harris,firstbase John Redmond,secondbase Stephen Smith,thirdbase Steve Delong,shortstop Karlos Smith,leftfield Logan Stephens,centerfield A.J. Oswalt,rightfield Tony Everett,False,mlb
162,9,True,SF,2,SD,7,1,3,2,1,starter Neal Asiodu,starter Darrion Smith,shortstop Karlos Smith,rightfield Oil Can Vardell,"['Strike', 'Looking', 'Change Up']",None,None,None,None,None,None,None,[],False,True,False,False,False,False,False,False,0,False,False,False,False,False,True,False,rightfield Oil Can Vardell,starter Neal Asiodu,catcher Jared Harris,firstbase John Redmond,secondbase Stephen Smith,thirdbase Steve Delong,shortstop Karlos Smith,leftfield Logan Stephens,centerfield A.J. Oswalt,rightfield Tony Everett,False,mlb
163,9,True,SF,2,SD,7,0,0,4,2,starter Neal Asiodu,starter Darrion Smith,shortstop Karlos Smith,firstbase Jerry Johnson,"['solid', 'center right', 'Change Up']",double,groundball,secondbase,double,None,firstbase Jerry Johnson,None,[],False,False,False,False,False,False,False,False,0,False,False,True,False,False,True,False,firstbase Jerry Johnson,starter Neal Asiodu,catcher Jared Harris,firstbase John Redmond,secondbase Stephen Smith,thirdbase Steve Delong,shortstop Karlos Smith,leftfield Logan Stephens,centerfield A.J. Oswalt,rightfield Tony Everett,False,mlb
164,9,False,SF,2,SD,7,0,0,1,1,starter Neal Asiodu,starter Darrion Smith,shortstop Karlos Smith,centerfield Dave Eckert,"['topped', 'right', 'Slurve']",out,airball,secondbase,out,None,None,None,[],False,False,False,False,False,False,False,False,0,False,False,False,False,False,True,False,shortstop Karlos Smith,starter Darrion Smith,catcher John Benzschawel,firstbase Jerry Johnson,secondbase Delos Echols,thirdbase Teyo Miraldi,shortstop Bob Small,leftfield Benny Powell,centerfield Dave Eckert,rightfield Oil Can Vardell,False,mlb
165,9,False,SF,2,SD,7,1,0,1,0,starter Neal Asiodu,starter Darrion Smith,firstbase John Redmond,centerfield Dave Eckert,"['Ball', 'Looking', 'Slurve']",None,None,None,None,None,None,None,[],False,False,False,False,False,False,False,False,0,False,False,False,False,False,False,False,firstbase John Redmond,starter Darrion Smith,catcher John Benzschawel,firstbase Jerry Johnson,secondbase Delos Echols,thirdbase Teyo Miraldi,shortstop Bob Small,leftfield Benny Powell,centerfield Dave Eckert,rightfield Oil Can Vardell,False,mlb
166,9,False,SF,2,SD,7,1,0,3,2,starter Neal Asiodu,starter Darrion Smith,firstbase John Redmond,centerfield Dave Eckert,"['burner', 'center right', 'Slurve']",single,airball,secondbase,single,firstbase John Redmond,None,None,[],False,False,False,False,False,False,False,False,0,False,True,False,False,False,True,False,firstbase John Redmond,starter Darrion Smith,catcher John Benzschawel,firstbase Jerry Johnson,secondbase Delos Echols,thirdbase Teyo Miraldi,shortstop Bob Small,leftfield Benny Powell,centerfield Dave Eckert,rightfield Oil Can Vardell,False,mlb
